sujeto,condicion,ventana,RMS,MAV,WL,ZC,SSC,WAMP,MNF,MDF,Power
Sujeto1,Moderado,1,8.661159895364978e-06,3.402770468300095e-06,0.0003834193022379998,0,16,0,1.5419906579059521,1.5,5.1664390755655274e-11
Sujeto1,Moderado,2,3.936379123652397e-07,3.2694978703890255e-07,4.029194186290662e-06,0,16,0,0.49334313688029463,0.5,2.1746483299941212e-13
Sujeto1,Moderado,3,2.75660641900936e-07,2.1970400454125591e-07,2.6279825033379766e-06,0,14,0,0.5501010459839619,0.5,6.061271218406524e-14
Sujeto1,Moderado,4,0.006800516430691906,0.0005589110265393345,1.8564524817456287,14,71,44,101.08066937526625,83.5,0.00010824143068795426
Sujeto1,Moderado,5,0.008176542522260797,0.0009782072891169739,3.3905694010812573,28,130,92,101.3389202935722,83.0,0.00011966166572411949
Sujeto1,Moderado,6,0.005168811642012982,0.0006691284182975221,2.625918744018084,27,189,75,117.26162299155638,94.0,6.155917732276926e-05
Sujeto1,Moderado,7,0.002811007352225754,0.000372045225438272,1.3285218893183082,14,176,35,156.9389678698829,146.5,1.2735698951892814e-05
Sujeto1,Moderado,8,0.008782554225553922,0.0016111145841776902,5.2428745446467975,42,257,148,97.91298338262725,76.5,0.00018288689013027341
Sujeto1,Moderado,9,0.009801276485625359,0.0021786895048126007,7.882416359984294,68,409,205,113.37422932525654,98.0,0.0001921982513476543
Sujeto1,Moderado,10,0.0049978673185130905,0.0009023298967709347,3.575981402185408,35,288,87,154.87417188291982,155.5,6.61195563540064e-05
Sujeto1,Moderado,11,0.010115494970666444,0.0016916962129381098,6.241205549047942,43,278,142,118.16828844907869,98.5,0.00022117362479810279
Sujeto1,Moderado,12,0.013052824921820163,0.0027967799091343695,10.837972859613211,80,404,247,126.86608929873188,104.5,0.0004136987303115892
Sujeto1,Moderado,13,0.009887440956835454,0.002155857261794128,7.133980172230787,61,414,194,118.10230912256704,102.0,0.0002242252840226275
Sujeto1,Moderado,14,0.007069263863221498,0.001521263346483984,3.856363760023548,29,318,102,101.02170950907392,65.0,0.00012633271079877335
Sujeto1,Moderado,15,0.007037656860304517,0.0016063971660479222,4.263109123510666,33,267,104,92.69138274706492,77.5,0.00010595893633996054
Sujeto1,Moderado,16,0.006384351342442366,0.0013497771382697077,3.558361311513381,30,233,105,92.87656423804992,67.0,8.065972616309313e-05
Sujeto1,Moderado,17,0.006972319904567713,0.0011702263573546447,4.424511927442617,34,243,108,134.03073629794338,119.0,0.0001027853679410802
Sujeto1,Moderado,18,0.008915602538948176,0.0016524778110898822,6.131169097346692,47,329,132,139.99756080651937,126.0,0.00020889754147468897
Sujeto1,Moderado,19,0.010750500359634029,0.002120876154411498,6.78563028849082,54,377,173,100.79642861663635,88.0,0.00014989504922577923
Sujeto1,Moderado,20,0.011174467078334088,0.0026420728459337715,6.594873768061399,46,386,194,82.24426093727897,71.0,0.00023160440578631482
Sujeto1,Moderado,21,0.011024394302417547,0.002693802338605478,5.658974466221196,33,343,158,65.51057141718819,57.5,0.00019062807462518839
Sujeto1,Moderado,22,0.009561252793725687,0.0021621833804336497,4.725193356071192,33,325,141,79.97893042650134,70.5,0.00023323353841636407
Sujeto1,Moderado,23,0.006076388527038407,0.0011862538494093005,2.8257104605307806,23,255,88,74.71845076074581,61.0,8.975082987097161e-05
Sujeto1,Moderado,24,0.0060306202810371645,0.0008639601696409371,2.9009412922751228,23,208,77,132.77958548931554,115.5,7.115958694381274e-05
Sujeto1,Moderado,25,0.006635659400357512,0.0011235413033388014,3.489444039371058,28,209,102,107.83376927335446,92.0,5.6290601459091514e-05
Sujeto1,Moderado,26,0.008891096179404234,0.0017753893975821888,4.716253594431587,36,286,139,80.67495379692541,61.0,0.0002079767489645889
Sujeto1,Moderado,27,0.011093897767869516,0.00252935165491495,5.238627500567787,30,364,132,61.05425916073886,50.0,0.00016708594838362486
Sujeto1,Moderado,28,0.008443986379829424,0.0017262260982113802,2.86541503596174,14,317,67,53.42503301552901,52.0,0.00019077567043221662
Sujeto1,Moderado,29,0.0048780858693392055,0.0008868765358339022,2.0246259540633442,15,268,59,101.12863786712181,59.0,2.3740304730900974e-05
Sujeto1,Moderado,30,0.00486119371750284,0.0007822553943134044,1.829075502347534,14,220,55,76.21296913242253,60.5,4.4147362622043425e-05
Sujeto1,Moderado,31,0.008514700101898903,0.0013394477931625902,3.8163345956160697,25,234,94,106.2705900085797,97.0,0.00017796769558414203
Sujeto1,Moderado,32,0.009529319923541897,0.001842444567579804,4.763526314584915,28,256,126,92.64339393380897,83.0,0.00020451966763885301
Sujeto1,Moderado,33,0.008812689050076787,0.0019203927320714347,4.675764070189722,35,282,140,78.71604608465655,54.5,0.0002056407220385282
Sujeto1,Moderado,34,0.007220914366495704,0.0012015650615394187,3.525364214178997,31,256,97,93.89894211688475,57.5,9.27042344377073e-05
Sujeto1,Moderado,35,0.007663489238023525,0.0010347468685608467,3.045183631307507,22,260,80,88.81830392256681,81.0,9.206344536006944e-05
Sujeto1,Moderado,36,0.008375872966573198,0.0013201170971675286,4.138040769034246,33,292,120,107.7546057097575,97.5,9.467536641730398e-05
Sujeto1,Moderado,37,0.005051834255969414,0.0008313063465078271,2.4838428561424477,22,223,78,97.4090295559368,90.0,4.7120221510354265e-05
Sujeto1,Moderado,38,0.00577447333986163,0.0011588977903179345,2.774225616309533,19,235,78,79.84805893401186,75.0,6.491382874871487e-05
Sujeto1,Moderado,39,0.010725080776917608,0.0025125265373665867,5.917171739717182,34,313,161,84.38453655287584,79.5,0.0002058004479755287
Sujeto1,Moderado,40,0.012254762028492398,0.0031145221647618944,7.946573003013327,47,343,213,73.21563769374876,58.0,0.00037551278832315946
Sujeto1,Moderado,41,0.009180747461903926,0.0023458881072679497,6.6177328040326096,59,397,193,103.04508038438888,90.5,0.00014787866953118085
Sujeto1,Moderado,42,0.006208041983825896,0.0014081327886129548,3.8269184851563987,43,331,122,68.40265511726015,56.0,6.751408960065138e-05
Sujeto1,Moderado,43,0.006404762756816662,0.0012168127022604371,3.9553825354785377,28,255,83,146.36341819771698,138.0,8.539897493547652e-05
Sujeto1,Moderado,44,0.007642248859827467,0.0015817010684877671,4.806191050434688,34,325,112,130.456344057051,80.5,9.274597644994379e-05
Sujeto1,Moderado,45,0.010898137316682472,0.0029310660639895146,7.559427065594631,54,448,223,90.93010957609592,76.5,0.00027314247907327214
Sujeto1,Moderado,46,0.012641554069257533,0.003616744018872275,9.585482856655876,63,505,246,93.65006461002154,85.5,0.0002977908708470651
Sujeto1,Moderado,47,0.010186629437970763,0.0022274849758548015,5.622621061147688,32,323,122,111.76143202407218,99.5,0.00010119439658770199
Sujeto1,Moderado,48,0.013890288984839017,0.0031731729129901324,10.048866125400975,68,398,243,92.19088505736994,87.0,0.0002345728339488648
Sujeto1,Moderado,49,0.015011010322823686,0.0038224698118867963,12.450586465748744,88,504,307,101.4492638980691,95.0,0.0004986000521817869
Sujeto1,Moderado,50,0.010457412567124378,0.0026040808396737844,6.401357920060944,44,404,174,88.0761381688758,64.0,0.0001670434876318651
Sujeto1,Moderado,51,0.010997500139248193,0.0032461651856675864,8.169831282104969,64,512,236,89.01234331810113,68.0,0.00023331414108572154
Sujeto1,Moderado,52,0.011059571450612935,0.0026978055279454267,7.308938363211148,55,378,200,93.8729598928981,85.5,0.0002482500514728223
Sujeto1,Intenso,1,0.008102941413511268,0.0015865274977446473,3.7097454148987703,22,236,101,59.75705105715936,48.0,7.026076429122447e-05
Sujeto1,Intenso,2,0.003909922336025085,0.0008423624878680816,1.5999484455932564,10,239,40,70.74539561673657,65.0,4.0479621429879706e-05
Sujeto1,Intenso,3,0.004984816469531476,0.0007624110467292596,1.4734907497897058,7,169,45,61.42933276897991,53.0,4.6609815649622944e-05
Sujeto1,Intenso,4,0.004862452217542765,0.0005913804707457626,1.2839829793678172,7,99,45,70.46829484345442,60.5,5.782745848063136e-05
Sujeto1,Intenso,5,2.1188587352845418e-05,6.778610767619024e-06,0.0006691313018000802,0,27,0,3.1041652895518848,3.0,8.838234836058301e-10
Sujeto1,Intenso,6,4.735493488263571e-07,3.3108226571266333e-07,5.182221012194727e-06,0,8,0,0.45398206376372263,0.5,3.83975032222532e-13
Sujeto1,Intenso,7,0.0008736515150603901,6.442068180002678e-05,0.10660397897133649,0,25,0,49.91449405411715,48.0,1.924017085210021e-06
Sujeto1,Intenso,8,0.004210458863821945,0.00042152323485468755,1.6242214077220656,8,116,25,171.80529882663438,171.0,5.426975313974556e-05
Sujeto1,Intenso,9,0.00779205849414633,0.0013299493782950912,3.0493907298561567,15,222,68,74.01145114763841,54.5,9.934493801533732e-05
Sujeto1,Intenso,10,0.007224875922907966,0.0010838512376259478,2.2288769471546295,11,155,53,85.88915092226226,56.5,0.00011149103482267651
Sujeto1,Intenso,11,0.002971690858390511,0.0001568614886347296,0.7726812206148946,4,51,10,203.3484603463957,185.0,2.449462987623895e-05
Sujeto1,Intenso,12,0.000917140862966506,0.00011797750200626022,0.2164124664048025,0,71,0,53.605587452897495,49.0,1.3263223470798347e-06
Sujeto1,Intenso,13,0.004786972040454957,0.0004338657741959105,1.6462623334980178,9,98,35,113.80447413966876,103.0,2.567600447432639e-05
Sujeto1,Intenso,14,0.006080527436941218,0.0009163208244983517,2.4877441162876863,18,149,67,103.09074520884964,96.0,0.0001020096438820607
Sujeto1,Intenso,15,0.00644907748155494,0.0011440904904271773,2.3936011263319386,19,175,68,76.03005426115162,63.5,4.352729195759933e-05
Sujeto1,Intenso,16,0.006195092411265643,0.0009075048962982472,2.5924807791554088,18,202,55,113.59526138207755,88.0,0.00010548911402065578
Sujeto1,Intenso,17,0.0062278114776957855,0.001032974087542322,2.2849724414942925,12,233,52,66.65287780708466,49.5,9.820518456577022e-05
Sujeto1,Intenso,18,0.008182122072045736,0.0013843864917246007,2.213961514868883,9,178,70,49.807202097685,47.5,6.492226187243865e-05
Sujeto1,Intenso,19,0.008733707694855333,0.0016905309499590125,3.767956191826284,24,226,108,72.1861909363302,52.5,0.00019109667910804568
Sujeto1,Intenso,20,0.01660386842043576,0.004083862553609947,15.847426460140943,113,462,345,126.35978866798123,96.0,0.0002974810516818011
Sujeto1,Intenso,21,0.019556352801174837,0.005389543013746501,21.808624923979373,160,548,490,140.5053998066437,123.5,0.000697252746681019
Sujeto1,Intenso,22,0.013023544288963745,0.003091748256798521,10.551136624920153,80,370,270,109.93768319418902,97.5,0.0004903898918332343
Sujeto1,Intenso,23,0.010571373425446229,0.002641999665397573,6.3303260422594,39,336,193,84.8476133758772,73.5,0.00024228896640602008
Sujeto1,Intenso,24,0.011310232696817095,0.0030027631427420745,7.908027548067008,59,419,249,73.96486748395142,62.0,0.00025242410423742187
Sujeto1,Intenso,25,0.010417225574739904,0.0026505479282203184,6.989258870969644,57,407,204,77.5423244452128,63.0,0.00018971342386418972
Sujeto1,Intenso,26,0.012281672733938109,0.003756184965635336,9.824601094784471,66,485,255,97.27386781297497,79.5,0.0003289081043350838
Sujeto1,Intenso,27,0.013706205343397919,0.0039584352621672815,10.538943773266013,70,486,271,88.41214378266115,77.5,0.0004650121323745466
Sujeto1,Intenso,28,0.013339220320186848,0.003164178179166835,7.224418511576858,42,361,196,77.9121505995427,72.5,0.000349577635668946
Sujeto1,Intenso,29,0.011460583497122766,0.0027195813081728774,6.562443002519743,48,358,186,81.04653830346479,61.0,0.0002124688323690847
Sujeto1,Intenso,30,0.010695059029081534,0.0026065644957578072,6.600641023310237,54,334,191,74.07950608041394,59.0,0.000252242006998635
Sujeto1,Intenso,31,0.008764463707292013,0.001951356724745571,4.589676947941444,37,246,137,83.21793185850323,73.5,0.00011305647262588107
Sujeto1,Intenso,32,0.006480925455847509,0.0014282172096145725,3.800981533241277,38,262,115,85.23541488045502,68.5,6.838927235393553e-05
Sujeto1,Intenso,33,0.01081281556067888,0.0024752180623541613,5.546069912517119,40,335,168,69.32229671531466,57.5,0.00015866763326648556
Sujeto1,Intenso,34,0.0140132197296835,0.0036262480344343793,8.170793290624097,51,412,225,73.3104069932374,57.0,0.0003606596835990305
Sujeto1,Intenso,35,0.011056093691902896,0.00261096250887727,7.202197748085651,54,407,192,87.1262173975809,66.5,0.0002953944588229232
Sujeto1,Intenso,36,0.00797429292111771,0.002012410049006435,5.128873298617788,41,365,134,91.45646508633878,77.0,0.00011080795360686238
Sujeto1,Intenso,37,0.012009854167845072,0.003578921963513073,8.301185419046867,61,460,221,79.03572182154392,59.0,0.0003756403526690418
Sujeto1,Intenso,38,0.014589130849512747,0.005063478463404531,10.35767706006019,69,502,300,70.75640045466021,49.5,0.00037542782012710876
Sujeto1,Intenso,39,0.015286370558745316,0.005066094337823789,9.21660957991196,50,435,277,55.20362699512052,47.0,0.0004563175079366119
Sujeto1,Intenso,40,0.012292310522471131,0.0030229812728719816,7.2011581686124515,41,354,186,78.92363874986013,57.0,0.00038724004255834033
Sujeto1,Intenso,41,0.012831685774012096,0.0030694580128048667,7.065160465889132,38,369,187,80.6952351416157,64.0,0.00029871567620751535
Sujeto1,Intenso,42,0.013319382102880094,0.003525058742840658,6.846567809955372,36,384,194,56.751090298128126,50.5,0.0004158253167393443
Sujeto1,Intenso,43,0.00890297497551619,0.002300527757609623,4.621243117902506,29,310,132,84.94461639696135,55.5,0.0001004100524381928
Sujeto1,Intenso,44,0.00886621114411136,0.0023329388918124656,4.961116660618055,35,304,160,72.33689961370003,60.5,0.00015995650042909088
Sujeto1,Intenso,45,0.012350412843377626,0.003718866580563372,6.907533528091297,44,385,180,58.34586155300237,47.5,0.0002661184873432634
Sujeto1,Intenso,46,0.011422738829513111,0.003154808232701361,4.885779443773683,24,307,109,49.452840258453946,42.0,0.0003242193515179176
Sujeto1,Intenso,47,0.00934844143744215,0.0017551069075951665,3.111825550183754,14,172,76,57.76235190347983,49.0,0.00023198647313107834
Sujeto1,Intenso,48,0.010556654657986757,0.0022394203108858715,4.413069727292959,24,293,124,58.77410971301125,51.0,0.00010490810896955737
Sujeto1,Intenso,49,0.010818224066138018,0.0030820518848806225,5.281108394036359,27,444,149,62.08371259328127,53.5,0.00017323633078440798
Sujeto1,Intenso,50,0.011170311639548678,0.003128513849757506,5.397969844948299,28,433,153,53.804112675895695,44.0,0.00028201618805727066
Sujeto1,Intenso,51,0.010442033676558162,0.0026585175341410036,5.707342049870533,35,366,175,71.86616039781008,54.0,0.00024293737423161337
Sujeto1,Intenso,52,0.01173932382476027,0.0027242895835028333,6.3418287003975315,40,314,191,68.19753932434247,56.0,0.00027842019111470065
Sujeto1,Intenso,53,0.01075617733193774,0.0022314571438422867,4.3608996735061325,24,226,116,63.48879511960888,53.0,0.000259646995340411
Sujeto1,Intenso,54,0.010959820253331254,0.0028001068659768494,4.806696997145541,28,288,137,56.46578939245207,48.0,0.00019630626156229698
Sujeto1,Intenso,55,0.01388081657878833,0.003738105875909892,7.658486707418009,47,376,227,62.99861075705999,53.5,0.00044283526517100325
Sujeto1,Intenso,56,0.015360970457704393,0.003831686619072642,9.080734440325962,49,362,231,87.13203846224141,83.0,0.00036646892750318044
Sujeto4,Intenso,1,0.004041754333809628,0.0006570862601994323,1.910753815741986,21,169,48,161.31345733186728,161.0,3.998682092317718e-05
Sujeto4,Intenso,2,0.003982763523224338,0.000513582394437852,1.922493025636531,22,201,47,165.91299697095943,159.5,3.410446102502805e-06
Sujeto4,Intenso,3,0.001163737095436917,0.00015626945365621988,0.48732078690108205,7,198,11,282.1274503190653,292.5,2.855414396976684e-06
Sujeto4,Intenso,4,0.0009754346897218719,0.00012713902319441345,0.35912587909236254,6,145,11,178.75082983697115,178.5,2.4921171202997426e-06
Sujeto4,Intenso,5,0.0006123912902148742,8.301824305431732e-05,0.14062569957196527,2,101,4,137.67161599917355,153.0,9.481745223072487e-07
Sujeto4,Intenso,6,9.394931831909624e-05,2.0630389419475132e-05,0.0076285481091323566,0,44,0,12.197743787088358,12.0,2.883973607194979e-08
Sujeto4,Intenso,7,0.00034273714939556343,1.3721889442858776e-05,0.07798970071453484,2,23,3,196.1776452640193,191.5,1.9140523001520903e-07
Sujeto4,Intenso,8,0.003954162820817622,0.0004793577161816402,2.263357045594024,28,175,54,154.15375156993682,160.5,8.801275198496167e-06
Sujeto4,Intenso,9,0.01661355301524083,0.0030725882738236537,14.81392593011553,117,437,273,146.6948765286382,130.0,0.0005944311033648419
Sujeto4,Intenso,10,0.017657622159862676,0.004376088309777866,16.126158797567555,115,554,340,126.36057947335271,114.5,0.0008221395463444181
Sujeto4,Intenso,11,0.007350688549230095,0.0021028611494104885,4.062161759077707,28,392,127,59.459929821871356,55.5,0.00013543656156489345
Sujeto4,Intenso,12,0.002552476788071646,0.0006947581610032946,0.859016154010931,4,218,9,79.63868973369088,27.0,1.5987400583424824e-05
Sujeto4,Intenso,13,0.003517739467501135,0.0008264636754308903,1.5508315348313064,12,241,27,126.11328919525053,141.0,2.287871074264235e-05
Sujeto4,Intenso,14,0.00363926022509078,0.0007925901716395314,1.5161865111917205,12,208,27,89.88427359586646,31.0,3.1196716537094074e-05
Sujeto4,Intenso,15,0.0026525162478500896,0.0006098794120325867,0.5711258761791795,2,166,3,28.795700181548327,24.0,1.5559766046338838e-05
Sujeto4,Intenso,16,0.0017449516265302667,0.0003245653985687429,0.4933776880448528,5,186,9,70.75496237880927,28.0,9.574781547594495e-06
Sujeto4,Intenso,17,0.0018013050590097801,0.00015071899978538744,0.8496803032277529,15,157,28,197.80055417312857,192.0,4.605923231775564e-06
Sujeto4,Intenso,18,0.005348300199671413,0.0008911230529495075,4.474129725044166,59,325,115,197.4996600598679,190.5,8.023894300137597e-05
Sujeto4,Intenso,19,0.0051045907764174425,0.0008254018140662755,3.8456023110399955,47,296,93,188.63606695985814,180.0,4.244291831180276e-05
Sujeto4,Intenso,20,0.0006104162512466922,0.00015547848004267303,0.1072057367358511,0,108,0,22.74142438204618,21.5,9.98524771635603e-07
Sujeto4,Intenso,21,0.004037911726641126,0.000739790949775542,0.5567403668260833,0,146,3,25.19526576171506,24.0,5.028090129243316e-05
Sujeto4,Intenso,22,0.004308722688703119,0.0008725542734907886,1.15722422425431,10,175,20,53.40796572770882,25.0,3.1887337436385794e-05
Sujeto4,Intenso,23,0.0026963463799145764,0.00039875390026620887,1.4246588887212608,19,170,34,213.89269973628254,218.5,1.941398070149545e-05
Sujeto4,Intenso,24,0.0021626498677985925,0.0001620001067112357,0.7603151048577511,9,107,17,238.46252527874864,228.5,9.164659577325973e-06
Sujeto4,Intenso,25,6.031536964112088e-05,1.4018975991286081e-05,0.005377832633958119,0,65,0,12.501786926427833,12.0,8.335787226268612e-09
Sujeto4,Intenso,26,0.0011486957598982389,0.00022457306413010546,0.16119055300887547,0,80,0,24.282998743919514,24.5,4.306727974798651e-06
Sujeto4,Intenso,27,0.0035893618306093453,0.0005424039331223462,1.6966997265642563,15,179,28,180.74482240008072,183.0,2.180830533751577e-05
Sujeto4,Intenso,28,0.0058295190022530675,0.0008539248302631318,4.907306784133995,55,309,109,194.74013730357976,179.0,7.577045317192059e-05
Sujeto4,Intenso,29,0.007128715404702718,0.0010549458760166612,4.948218591763277,51,318,114,141.98281896244453,117.5,0.0001310445976028304
Sujeto4,Intenso,30,0.007915790476995609,0.0010605971182754595,4.9107095103411975,44,242,98,191.654342025626,175.0,8.758895052280623e-05
Sujeto4,Intenso,31,0.005862839241195952,0.000578935260599366,3.367238677053593,33,140,65,193.9623953885836,179.5,0.0001043420773997962
Sujeto4,Intenso,32,0.0005352578485600813,9.523087790129731e-05,0.0690460111589766,0,81,0,26.26863820118799,26.0,2.1502408948048186e-07
Sujeto4,Intenso,33,0.0005089225430944986,8.185575091561983e-05,0.10053244460844997,2,91,2,74.18227421944516,23.5,5.987550648841309e-07
Sujeto4,Intenso,34,0.0004764210531931258,9.35712817220287e-05,0.10814220146086301,2,90,2,88.63762807338071,31.0,4.6768986437139505e-07
Sujeto4,Intenso,35,0.004562318821754008,0.00041062038500449833,0.6900949535817892,4,97,20,329.8614416901049,350.5,3.4461562554274476e-07
Sujeto4,Intenso,36,0.004607091256511789,0.000429190091935416,0.8560341099554456,8,116,25,55.869149601303135,48.0,3.728971743668711e-05
Sujeto4,Intenso,37,0.004599190879348447,0.0005656190229845696,0.7330018979982628,6,126,20,38.795409594199306,32.0,3.86184007728327e-05
Sujeto4,Intenso,38,0.005578180304300712,0.0007952184328047137,1.295269590906659,9,119,41,47.83062057923538,36.5,8.615936881361445e-05
Sujeto4,Intenso,39,0.0047855012701504916,0.0009330029952147077,1.743496811142808,12,177,54,72.73215319283725,67.0,4.18258951629045e-05
Sujeto4,Intenso,40,0.008180286403142358,0.001960589956819049,3.881537914579752,25,315,129,62.33564791523957,54.0,0.00014583507766799042
Sujeto4,Intenso,41,0.0074539999800828215,0.0014931080671093115,3.2079249318439875,20,284,101,59.998640771751894,54.5,7.111316525374174e-05
Sujeto4,Intenso,42,0.00348355532774116,0.0005910400680365073,1.0669162597428747,5,192,15,52.79405289219139,30.0,2.8805437266512894e-05
Sujeto4,Intenso,43,0.003383952165609927,0.0005105531396077244,0.8211613801123623,5,146,15,59.77502983231769,33.0,2.781705826719563e-05
Sujeto4,Intenso,44,0.0008619485905570452,0.00019009841524095093,0.20399512731085628,2,156,3,69.37237732447466,27.0,1.597431866505416e-06
Sujeto4,Intenso,45,0.0008201912906752862,0.0001443940884145637,0.2715656776675281,4,177,8,134.61093345299165,150.5,1.402803330467699e-06
Sujeto4,Intenso,46,0.0005501801899126856,6.268701841952386e-05,0.1371329932734281,2,127,5,182.05349566565386,185.0,9.417840333543037e-07
Sujeto4,Intenso,47,0.00019595236445670578,3.977881697447474e-05,0.03868981433321393,0,72,0,82.18841240619973,16.0,9.858474876307824e-08
Sujeto4,Intenso,48,0.003158299982970454,0.000333077823476706,1.1460582167206776,9,120,17,54.24526652297131,25.5,2.4207313083289516e-06
Sujeto4,Intenso,49,0.0031861707373840907,0.0003877562674916796,1.1630417724413256,9,154,17,171.28034150676856,175.5,2.4595419614689503e-05
Sujeto4,Intenso,50,0.000708708393095735,0.0001538251998161035,0.11190946416088929,0,121,0,24.941047023639005,24.0,1.1192190814799177e-06
Sujeto3,Moderado,1,0.07948161124878325,0.0431851122001165,88.35983574380391,284,595,1946,62.10339214422662,60.0,0.01671394524652876
Sujeto3,Moderado,2,0.054419554605716125,0.0207318248630449,42.309798452380015,120,248,870,62.11485428332034,60.0,0.007354701823218393
Sujeto3,Moderado,3,3.0849879040799215e-07,2.6069264756201415e-07,3.385141955472309e-06,0,12,0,0.5426196046156079,0.5,9.701657787024886e-14
Sujeto3,Moderado,4,0.0009909608691977792,0.0001484237360720778,0.24223857016898093,2,89,5,98.61938168397865,33.5,2.8950488516733523e-06
Sujeto3,Moderado,5,0.0009914571357192276,0.00015488741779693302,0.24362498223620588,2,117,5,84.83385430756717,31.5,1.8277647650803443e-06
Sujeto3,Moderado,6,9.523006821873236e-05,2.5376055994888426e-05,0.005363074228494164,0,62,0,6.245872299109426,6.0,2.837821052891269e-08
Sujeto3,Moderado,7,0.0016968706531068475,0.00021017105693086862,0.2559517574464712,2,80,5,44.443928995493195,43.0,9.09125949005663e-06
Sujeto3,Moderado,8,0.007441127747880781,0.0011195628055539338,2.1024399563161116,16,145,65,74.876412228197,65.5,2.1189106285545303e-05
Sujeto3,Moderado,9,0.008421582883031315,0.0015292685702014204,2.9212825446981663,19,187,89,61.30552886341361,53.5,0.00013993179010229708
Sujeto3,Moderado,10,0.004515556800462359,0.0007860449483960908,1.426215915081904,9,156,38,57.84016555142126,40.0,8.722843900977421e-06
Sujeto3,Moderado,11,0.0014022453587826996,0.00018503605597559793,0.35539553536451696,4,65,9,39.056164123866665,30.0,3.0020140156046684e-06
Sujeto3,Moderado,12,0.0032420800657615625,0.0004187431660719714,0.9384176937075466,8,125,24,94.6543884970147,90.0,2.1700504888102706e-05
Sujeto3,Moderado,13,0.004680758672198711,0.000739871580765742,1.8765988180794313,18,168,58,84.19552181311785,71.0,5.2557291567370025e-05
Sujeto3,Moderado,14,0.0034634963158713225,0.00034938302003104007,1.1053430214688733,13,59,40,144.63153430370951,142.5,8.85388616865957e-06
Sujeto3,Moderado,15,0.00156936730744569,9.247049499635777e-05,0.5532127162580742,8,52,16,196.17027475306813,192.0,4.9787005148195334e-06
Sujeto3,Moderado,16,0.0016578996728666164,0.00013849984286501153,0.7449829350224477,13,83,23,183.97404031884332,181.5,6.975876574395605e-06
Sujeto3,Moderado,17,0.0019907047064965837,0.00019453042251068995,0.7958304063339856,14,109,28,106.50268167881713,98.5,1.1094476919096768e-05
Sujeto3,Moderado,18,0.0017560390329642492,0.00012716783525926746,0.4423728844342883,6,91,15,109.75462488225162,100.0,5.4788515168456125e-06
Sujeto3,Moderado,19,0.002166642821400847,0.0002414795914721541,0.7949605805309532,9,123,28,118.48857286350247,105.0,1.0632389193623202e-05
Sujeto3,Moderado,20,0.00412725244304417,0.0008902623809990689,2.164324245055704,22,278,64,94.35142046711029,78.0,3.6988090043480646e-05
Sujeto3,Moderado,21,0.004698557894850751,0.0010882630182434123,2.6987579958793093,27,320,79,78.55236476905165,72.0,4.281299659851082e-05
Sujeto3,Moderado,22,0.0032952125502681614,0.0005135134142104837,1.6829043956636762,20,193,56,112.58513465469852,91.5,1.6108288423314324e-05
Sujeto3,Moderado,23,0.0014220356725887294,0.00015326092563877134,0.7052938078435655,12,129,23,155.43061767549815,145.5,4.080490492524668e-06
Sujeto3,Moderado,24,0.0015940033115027703,0.00016880830232878603,0.7181089935091043,10,120,20,150.36859537988622,132.0,6.865097197053028e-06
Sujeto3,Moderado,25,0.00129417266056103,0.00011525458893362221,0.4097227235926797,4,90,10,125.44987781221742,106.5,3.7867923418278468e-06
Sujeto3,Moderado,26,0.0011308415464699097,0.00011640858774070612,0.2633690133519633,2,84,4,69.48567740759542,52.0,4.221990322496234e-06
Sujeto3,Moderado,27,0.0020177124559847106,0.0002823958992739217,0.8891233521254994,11,150,30,111.37848686562816,98.0,8.114664288501377e-06
Sujeto3,Moderado,28,0.00207588539837801,0.00022862594573463534,0.9272992270515019,12,124,33,163.6940824972261,164.5,8.828077302862002e-06
Sujeto3,Moderado,29,0.001229239847950127,7.462356841167621e-05,0.2766448669295522,3,56,7,191.26508084852213,189.0,2.9132644476345607e-06
Sujeto3,Moderado,30,0.0022351803978262674,0.0003149970239690083,0.8196524267371327,9,139,23,84.86012759588188,61.0,1.1293311837980634e-05
Sujeto3,Moderado,31,0.0025500669459701726,0.00045029535216866784,1.1075404376403042,11,177,27,100.59784854681565,69.0,1.2959842182667386e-05
Sujeto3,Moderado,32,0.0015121060696570092,0.00027537854181843073,0.4916754055504884,4,178,9,51.56536599712275,44.0,4.7696646152458245e-06
Sujeto3,Moderado,33,0.0031555380075596064,0.0004396882986295722,1.0117667163175943,7,201,33,100.320967775703,95.5,1.6212907529802806e-05
Sujeto3,Moderado,34,0.0053711636654528005,0.0008788259532386519,2.05057853105124,15,203,65,86.42171606956506,82.5,6.660864856033294e-05
Sujeto3,Moderado,35,0.005733986816914235,0.0009979356554756557,2.232686013885587,17,230,70,67.22444648106871,57.5,2.823324271911755e-05
Sujeto3,Moderado,36,0.005899745447294019,0.001062660438100098,3.03246956884779,27,262,98,86.71885743533703,80.5,7.492599253650027e-05
Sujeto3,Moderado,37,0.005248229929095148,0.0009042823496138055,2.675539405938318,30,205,87,97.98847945938019,78.0,5.6809664488798964e-05
Sujeto3,Moderado,38,0.002664244374859858,0.0004334614414423742,0.9422209499598133,13,161,29,88.28217470172414,56.0,1.1140620097007337e-05
Sujeto3,Moderado,39,0.0018580614490873665,0.00042859293959060415,0.845652417214772,11,217,19,88.68371661017157,60.0,6.14965555268463e-06
Sujeto3,Moderado,40,0.003818259159650242,0.0007408686203476643,1.5237055540516595,13,215,41,85.08078682780555,84.0,9.62990555611015e-06
Sujeto3,Moderado,41,0.004372600269033468,0.0007081959578915034,1.9898775011199947,16,182,60,98.70730252783298,94.0,5.301640595819925e-05
Sujeto3,Moderado,42,0.0034129381268234583,0.0006269158574244714,2.085753282223144,27,252,62,129.75995418086748,115.5,1.9717672920780284e-05
Sujeto3,Moderado,43,0.003864405729401955,0.0009244688993805525,2.3071500748682547,27,323,68,86.321997142577,62.0,3.7121500974512924e-05
Sujeto3,Moderado,44,0.003519243937239864,0.0007004006145458048,1.6635727168759695,16,235,51,72.92409207549794,58.5,2.0969671971772566e-05
Sujeto3,Moderado,45,0.0024822128227235257,0.0003274515799603235,0.8752154951619604,9,132,27,100.24021522424218,96.0,1.791328069209209e-05
Sujeto2,Moderado,1,0.0007104301247151184,9.50652012412161e-05,0.1901164683751648,6,68,6,194.80836637153706,190.5,3.9799564632423354e-07
Sujeto2,Moderado,2,0.0010229472154836816,0.00012657015940484433,0.31891769056672686,5,120,9,159.74510461640384,171.5,2.686477609677438e-06
Sujeto2,Moderado,3,0.005069552002266324,0.0006515011360163174,1.8088527772060823,19,205,46,95.17040092897484,85.5,5.477620849173441e-05
Sujeto2,Moderado,4,0.005034164460669522,0.0005621956104313449,1.7111018910885476,18,126,44,129.90554722512707,104.5,1.0301261624815557e-05
Sujeto2,Moderado,5,0.0012726136220440013,0.00010788567500495066,0.5694033762195162,12,86,22,195.39273312055465,191.0,2.8915424044308736e-06
Sujeto2,Moderado,6,0.0025847034699412663,0.0003700959016384556,0.7865029455126107,11,93,24,195.0434876860586,190.5,2.578045954119424e-06
Sujeto2,Moderado,7,0.0026599672271510884,0.00042332183995914965,0.8148301325375455,7,182,16,69.2139782587721,38.5,1.3381615087536954e-05
Sujeto2,Moderado,8,0.001212644085180605,0.0001789996764122888,0.4645337180554785,4,226,7,83.08395978468239,64.5,8.755138928850065e-07
Sujeto2,Moderado,9,0.0029644882435395014,0.00036698925677266923,1.2739228966782254,14,184,41,134.7672775757353,117.0,1.6070738009325666e-05
Sujeto2,Moderado,10,0.004215743390689144,0.0007201160621508274,2.88404854785636,37,293,96,123.06295294211701,107.0,5.0666065055535183e-05
Sujeto2,Moderado,11,0.0030437181612574735,0.00042119878492522097,1.7775127311880043,25,202,58,96.36497744995351,68.5,1.2060803654751611e-05
Sujeto2,Moderado,12,0.00296077164461388,0.0004625893050810679,0.9758982593114806,10,144,25,54.49979597623417,51.5,2.2448739503142098e-05
Sujeto2,Moderado,13,0.003422410810072609,0.0005883742025641036,1.7263351191876086,23,246,50,85.5651066562409,55.5,5.455242112659522e-06
Sujeto2,Moderado,14,0.0026714269107661576,0.00043782646801276384,1.9185167150348819,31,294,59,177.71337294310737,184.0,1.7011018665977117e-05
Sujeto2,Moderado,15,0.0020200977916514074,0.00033777471735961,1.1071298530160303,16,247,31,152.6346507078361,157.5,8.992585767388877e-06
Sujeto2,Moderado,16,0.0017963998636737408,0.00029144288989910026,0.3320139657814908,2,159,6,44.36615720770006,42.5,6.781437095136973e-06
Sujeto2,Moderado,17,0.0027902086421439216,0.000643684890130873,1.1913677028509124,12,231,25,72.32207564880679,44.5,1.8281796346147313e-05
Sujeto2,Moderado,18,0.004632010931485483,0.0010731647099613373,3.162693023670374,36,366,87,107.34955823967489,71.0,4.4288990280562386e-05
Sujeto2,Moderado,19,0.005386068874150631,0.0012854542209203863,4.124786644192925,51,427,131,103.38743240069489,81.0,7.202665983171019e-05
Sujeto2,Moderado,20,0.00356582729652692,0.0007049090911096279,2.2214226859669863,32,333,73,100.69841158267779,95.5,3.164931581246601e-05
Sujeto2,Moderado,21,0.002184969484746138,0.0003987184719879868,1.1933248476397276,16,232,34,111.28926939520841,97.5,1.1367239453167946e-05
Sujeto2,Moderado,22,0.003777427912927723,0.0006911605154337478,2.337566013290674,25,257,65,131.4093353839205,131.5,2.8088567885312992e-05
Sujeto2,Moderado,23,0.0032576313176043317,0.0005066599706373108,1.7809167730468067,20,245,45,148.6816595543226,144.0,3.0325997524616567e-05
Sujeto2,Moderado,24,0.0016498020738168295,0.0003470039093653085,0.8533869094178177,10,234,17,122.3085246735042,110.0,4.923234695102488e-06
Sujeto2,Moderado,25,0.003256544888561934,0.0006596218047496454,2.3589957241032598,28,317,66,141.44991770154098,131.0,1.80170322141312e-05
Sujeto2,Moderado,26,0.0038046297186643094,0.0007635591921863297,2.775249742271658,34,309,80,150.34217418045031,143.0,3.4181737622250874e-05
Sujeto2,Moderado,27,0.0024601956028496973,0.00034136502117115077,1.021132576174819,12,166,27,77.12393390243355,51.5,1.0129522335690879e-05
Sujeto2,Moderado,28,0.002588755776364691,0.0003000253973071418,1.2478035757423467,18,164,44,154.61263007123125,148.5,1.5101089619335973e-05
Sujeto2,Moderado,29,0.002626555203565994,0.00035283166088129274,1.2832381388069367,18,195,44,160.15242876100137,155.0,1.758305740425869e-05
Sujeto2,Moderado,30,0.000479285574469957,9.383574756675695e-05,0.06354564380551296,0,126,0,24.709409897786504,23.5,4.880969156323204e-07
Sujeto2,Moderado,31,0.00017777437579731022,3.858707415838787e-05,0.02258878068445143,0,85,0,15.305726976383283,12.5,2.6952990773605593e-08
Sujeto2,Moderado,32,0.0012483586972100635,0.0001606015062907995,0.535214757604098,8,151,14,87.56196393291857,29.0,2.8403647350227107e-06
Sujeto2,Moderado,33,0.0017081013372400883,0.0003504600006133157,0.8258267061107611,11,224,20,123.10341691460283,119.0,5.878021582836923e-06
Sujeto2,Moderado,34,0.001484208321831428,0.0003447932373854519,0.4580438665271331,3,184,6,75.99063333467666,28.5,4.689830894835873e-06
Sujeto2,Moderado,35,0.0017748721968180706,0.0004492370613173904,0.4326706631369077,0,201,0,30.973043157212647,29.0,6.324690216615303e-06
Sujeto2,Moderado,36,0.0015187280261061734,0.0002952546523288707,0.26707528420021803,0,120,0,25.93613105980176,25.0,1.8999400809001658e-06
Sujeto2,Moderado,37,0.00020476476230641742,2.3002952357900607e-05,0.04693866890299607,0,89,0,178.38049459313973,183.5,1.2884048505700184e-07
Sujeto2,Moderado,38,0.0014286269935283452,0.00011987902649851281,0.48481024076065427,5,134,13,193.82281321044408,189.5,3.4393659229217077e-06
Sujeto2,Moderado,39,0.0016294283436858968,0.00023632928286293917,0.6637244758025487,7,198,18,142.69922838505033,132.0,5.892897019348288e-06
Sujeto2,Moderado,40,0.0008355792724406925,0.00016742050999147965,0.27010287799592947,2,191,5,81.81358662638401,28.5,8.958500312955934e-07
Sujeto2,Moderado,41,0.0017780525899498043,0.00027878888317905536,0.329407657662098,0,130,0,35.72110774099541,27.5,6.744225997376959e-07
Sujeto2,Moderado,42,0.0018297745213798847,0.00031148127569569827,0.3349468813459672,0,160,0,32.14020930537592,29.0,8.69148108195565e-06
Sujeto2,Moderado,43,0.0006088302262994662,0.00011190539663591448,0.11546066014074209,0,126,0,24.99489349556616,23.5,8.328628579967967e-07
Sujeto2,Moderado,44,0.0005970930512351079,9.884045642366385e-05,0.10606021442559024,0,98,0,44.79163791984876,27.5,3.473706641056157e-07
Sujeto3,Intenso,1,0.00413169119204628,0.0006969911439940463,1.328569324832976,10,151,41,57.977040200121095,49.5,4.2621256462293545e-05
Sujeto3,Intenso,2,0.0038568806564123832,0.0005168012694143102,1.0638016584474161,9,90,35,98.9365603491053,57.0,4.03765466489029e-06
Sujeto3,Intenso,3,0.0028353937785623234,0.0005336514395531049,1.2091747673193614,13,170,32,93.21089040905962,83.5,1.9160508670561824e-05
Sujeto3,Intenso,4,0.0058106246766752535,0.001473618122620731,3.3151714184817562,30,353,97,74.94493351203867,53.5,5.780752539890649e-05
Sujeto3,Intenso,5,0.0066575812859780955,0.0017523622111323555,3.6592039328650525,26,354,103,74.17531846911723,56.5,0.00010683095827502937
Sujeto3,Intenso,6,0.004636487953956932,0.0009812635101963912,1.8093668673467305,8,255,41,61.84064355974931,53.0,5.432543379056419e-05
Sujeto3,Intenso,7,0.07524884630759757,0.027249468377804845,54.301280895957206,147,422,996,61.585356072104766,60.0,0.013122792462619213
Sujeto3,Intenso,8,0.07542321266044527,0.02813036122216725,56.020723418788506,156,486,1040,61.50509437213714,60.0,0.015130844801033341
Sujeto3,Intenso,9,0.007930534698498672,0.0023429258993934716,3.950691086381381,19,378,91,63.376923323456616,54.0,0.00012630131948529114
Sujeto3,Intenso,10,0.007103571239661928,0.0021036921069972907,3.013297446422472,12,364,65,50.27227833108682,46.0,0.00011744366499435835
Sujeto3,Intenso,11,0.005169502221592416,0.001110603066234385,1.7671464436778457,8,194,49,54.548927293119235,48.5,3.325978699440468e-05
Sujeto3,Intenso,12,0.0031081154269500194,0.000338704730533451,0.6508895283638785,4,128,22,58.160727585618446,51.5,2.8742753670401743e-05
Sujeto3,Intenso,13,0.003772826144316668,0.0007192066017938023,1.2364310674763932,4,260,24,54.62393930406523,46.5,3.104751459014657e-05
Sujeto3,Intenso,14,0.003864925783224763,0.0007969467787356298,1.3332882218325293,6,299,26,54.94102281019667,47.0,3.6100848913336867e-05
Sujeto3,Intenso,15,0.0010645543366051154,0.00019672676542164806,0.31754050701375947,4,196,5,113.67770318554608,106.0,1.1275121790042424e-06
Sujeto3,Intenso,16,0.00045951450427721656,5.141878018631503e-05,0.11767286408294275,2,71,3,143.6338695761941,158.5,3.865051522301541e-07
Sujeto3,Intenso,17,0.001151648942348691,6.406840388294704e-05,0.38478717573823135,6,41,12,196.155690878766,191.0,2.0714031876171347e-06
Sujeto3,Intenso,18,0.0027206500296168197,0.0003169040395018265,0.8105049133350384,11,99,24,72.34355843352823,39.5,1.5350627451809325e-05
Sujeto3,Intenso,19,0.002600223661354963,0.0003388048676087741,0.6478946627183282,7,146,16,101.79666005842398,56.5,1.2963394119205703e-06
Sujeto3,Intenso,20,0.002280666642523487,0.0003328154386671662,1.331136279089239,19,218,42,166.30149641357096,165.0,9.350068311335387e-06
Sujeto3,Intenso,21,0.002504784703392256,0.00030109981037232354,1.4096752552574743,20,173,45,168.71494096519305,164.0,1.3514471409587491e-05
Sujeto3,Intenso,22,0.0014973959485844908,0.00011189230229958023,0.5559214845738344,9,96,18,196.12263110158295,191.0,6.3324795398664354e-06
Sujeto3,Intenso,23,0.003940815625541467,0.0006862405531370511,1.5340872229733207,18,199,50,78.85790913125021,55.0,3.0405661460211014e-05
Sujeto3,Intenso,24,0.004456067548224481,0.0008244468086618589,2.131998254031659,23,220,68,89.34214760218286,58.5,4.3358147867629606e-05
Sujeto3,Intenso,25,0.0022037811358779687,0.00020665474598308739,0.9173995054530176,11,111,29,198.06643929772534,180.5,6.97794806540711e-06
Sujeto3,Intenso,26,0.0004070393127393967,2.3253901840097574e-05,0.13910967411685704,2,50,3,196.15820882840117,191.5,4.0191443673365227e-07
Sujeto3,Intenso,27,0.0014718125996247245,0.00017062332375526978,0.8638057608334084,14,155,23,184.42422748189415,185.5,3.7942144402114206e-06
Sujeto3,Intenso,28,0.007579920765804477,0.001327809619151089,6.838559427102519,79,423,174,163.87829953270045,145.5,0.00014524374629932006
Sujeto3,Intenso,29,0.008460540381551751,0.0016965018235998112,8.087879699673664,86,420,213,162.9833091007398,145.5,0.00010390159123185318
Sujeto3,Intenso,30,0.004536019827596587,0.0007823990020180101,2.850924569921892,28,253,86,126.2293448878927,108.5,4.905544915742444e-05
Sujeto3,Intenso,31,0.0030772660998871623,0.000550684885406353,2.0413958863259483,29,253,66,160.76866766954765,155.0,1.7284016386296697e-05
Sujeto3,Intenso,32,0.0029831234174646022,0.00046529378499776414,1.864902988679988,29,234,59,131.30743275866814,114.0,2.297798932351335e-05
Sujeto3,Intenso,33,0.003892855303757859,0.00046717948264166635,1.6300763117929087,18,175,55,103.72578371866094,96.5,3.258990045966098e-05
Sujeto3,Intenso,34,0.004628890433498225,0.00071952463553054,2.196593890055232,25,200,72,92.83409619343267,65.0,3.816572211295784e-05
Sujeto3,Intenso,35,0.0038324484037022843,0.0006283040582750415,1.9725431842268697,26,195,64,99.24430895460138,79.0,3.366524429376083e-05
Sujeto3,Intenso,36,0.0033439629348497404,0.0004809704965765654,1.9479297225945258,26,255,66,116.22388303347523,103.5,2.1455717040801315e-05
Sujeto3,Intenso,37,0.007128583585781484,0.0016066868882616753,3.815767160063399,32,415,117,60.83477901164497,49.0,5.823517466088982e-05
Sujeto3,Intenso,38,0.008527788535424513,0.0019338915995250872,4.204160883079795,26,346,124,79.99968974383067,75.0,0.0001464224751898973
Sujeto3,Intenso,39,0.005593105141160404,0.0007979904065271217,1.8757829208958483,12,193,51,77.4534681293748,73.0,2.5188063454389438e-05
Sujeto3,Intenso,40,0.002157100342901626,0.0003185184764609478,0.6639405493790402,6,128,17,76.7803829091009,69.5,6.630118428465288e-06
Sujeto3,Intenso,41,0.0015609986946660136,0.00020894760721701467,0.5229461212453046,5,130,14,92.70372380064828,90.0,5.388080416244779e-06
Sujeto3,Intenso,42,0.0018122966397468331,0.000320218326229926,0.5964492805235331,4,159,9,62.26463957421852,34.0,5.065831133240664e-06
Sujeto3,Intenso,43,0.003178784814746981,0.0005107932444413237,1.103915363217495,8,152,28,87.0033922671729,78.0,1.8386186872339105e-05
Sujeto3,Intenso,44,0.003738461130906073,0.00047023190029930884,1.1914121570151794,8,165,35,92.53259721535214,91.5,2.5927631304257955e-05
Sujeto3,Intenso,45,0.0036261553985158313,0.0005745817803627705,1.1406974472553264,5,194,24,87.2272898868137,87.5,2.4871273013832505e-05
Sujeto3,Intenso,46,0.0029235862917035378,0.0005354065858383741,0.911354210678659,4,191,19,76.04226474166853,74.0,1.9922899795743045e-05
Sujeto3,Intenso,47,0.0018407572302283925,0.0002757836781146233,0.5539561672170416,5,171,15,86.33327374612263,66.0,7.68448512418325e-06
Sujeto3,Intenso,48,0.006404866631837552,0.0006887933002241273,2.311165753216724,20,205,56,107.65754785372621,98.5,3.5619630079699447e-05
Sujeto3,Intenso,49,0.006553794877075546,0.0007342470937903708,2.6792653353263027,26,231,72,106.31155754929257,98.5,0.00012538960550597606
Sujeto3,Intenso,50,0.004730436755717298,0.0006880476318302936,2.4282525492581675,28,253,76,120.45524359447857,107.5,4.478741380847244e-05
Sujeto3,Intenso,51,0.004779067472057839,0.0008803277477476372,2.5255941725974065,28,335,75,116.32861269235714,103.5,6.21744424282625e-05
Sujeto3,Intenso,52,0.00257586025695178,0.0005311117467798055,1.2571309662254815,15,270,38,87.88143975453468,79.5,1.5334487554501894e-05
Sujeto3,Intenso,53,0.0020715709047819816,0.00030324462278293437,0.7962812149644347,8,134,23,97.22268790694555,87.5,9.509790591269119e-06
Sujeto3,Intenso,54,0.001727951860035303,0.00023479423081064352,0.5253804268833626,4,101,10,97.88006459862952,94.5,4.067655539743946e-06
Sujeto3,Intenso,55,0.0036908333174382503,0.0008043551400411619,1.552506822143588,9,194,29,85.34454762774895,79.5,2.792169361842727e-05
Sujeto3,Intenso,56,0.003947921519953934,0.0008904108710099713,1.69944627437987,9,237,35,71.37194019607355,43.0,2.984503209373609e-05
Sujeto3,Intenso,57,0.00256179315533564,0.0003383853112945931,0.6211040286610077,4,125,16,65.89532963040719,57.0,1.8040870934104522e-05
Sujeto3,Intenso,58,0.0020360139720653546,0.0002857089958786676,0.3650099666082488,2,98,6,44.590270123502314,41.5,1.073948789839491e-05
Sujeto3,Intenso,59,0.006924012751002594,0.001364386489941028,2.8263851519221665,19,257,88,73.86644403228769,65.5,6.140117582776637e-05
Sujeto3,Intenso,60,0.007014307623274013,0.0014236042745873515,3.3393480273752676,28,321,108,68.62199613736742,60.0,0.00012902167546551186
Sujeto3,Intenso,61,0.001990880435192799,0.0002732564504550001,0.8899266179030092,11,179,29,119.48628462070852,105.5,8.036225483947866e-06
Sujeto3,Intenso,62,0.0021891938596820875,0.0003515044070407476,0.5967758606967748,2,165,9,89.89778546107924,89.5,7.324320252414595e-06
Sujeto3,Intenso,63,0.002780808341880706,0.0004349214949136309,0.6336098589227388,2,164,10,42.64230013998256,37.5,2.2592820438903166e-05
Sujeto3,Intenso,64,0.0021346001566617603,0.00016416844703374335,0.26145112314843605,2,87,10,49.89645285715797,48.0,8.646164799031482e-06
Sujeto4,Moderado,1,0.0057992783902512165,0.0010198620916966159,3.7926177838514716,45,231,79,208.04548917994228,197.5,8.171046166456435e-05
Sujeto4,Moderado,2,0.00029997028651289467,1.856051231017414e-05,0.06714255981171639,2,53,3,50.99317343015698,13.5,7.677157365331508e-09
Sujeto4,Moderado,3,0.000221148139391709,1.5610432182322978e-05,0.04974112517528169,1,51,1,187.98025252543712,188.0,1.6118604271936662e-07
Sujeto4,Moderado,4,0.000348328931755242,3.6289976944014406e-05,0.07058448027258184,1,50,1,111.50738876718611,92.5,7.051933407231798e-08
Sujeto4,Moderado,5,0.014989264392777216,0.003877152560380533,19.888659736348476,183,544,421,194.94006814516166,180.0,0.0005440592979736676
Sujeto4,Moderado,6,0.01660186274326835,0.004802714539922627,23.30898456235453,208,678,490,171.50502191178734,146.5,0.0005544252087296675
Sujeto4,Moderado,7,0.008181419610255394,0.0014322338738947708,6.395109687159056,64,366,148,158.36309669598072,158.0,7.7708630964341e-05
Sujeto4,Moderado,8,0.005449261577812335,0.0007251560894859209,3.8991037092687577,48,244,97,185.40503571866049,171.5,6.608307146264118e-05
Sujeto4,Moderado,9,0.0037118391818585865,0.00024779581233935077,0.9484887701946412,9,68,18,162.3472299885195,153.0,1.0512036338573044e-05
Sujeto4,Moderado,10,0.0009464312473843732,6.106902592516441e-05,0.3094425355822862,5,56,9,284.8971177513206,285.5,2.0817176019101866e-06
Sujeto4,Moderado,11,0.0009464136309641379,6.0263148111689894e-05,0.3093229046351924,5,46,9,203.00641298038028,195.0,1.4562126123864277e-07
Sujeto4,Moderado,12,0.0009579806789912022,4.5553699634697855e-05,0.2668786568772437,5,52,10,196.1554905799404,191.5,4.938619265947628e-07
Sujeto4,Moderado,13,0.0009579806892372377,4.5611869835649195e-05,0.2668790723822411,5,46,10,196.1564596567755,191.5,2.732819443692108e-06
Sujeto4,Moderado,14,0.0005615284017083545,2.0472104382837663e-05,0.1214763697561261,2,28,5,196.1249680153455,191.0,6.586027111357123e-07
Sujeto4,Moderado,15,0.0005872352962257553,6.0343216187881475e-05,0.1400970796707854,2,90,5,182.72014698640277,185.0,9.951541736992286e-07
Sujeto4,Moderado,16,0.0006584885618672592,8.929967571355716e-05,0.11822941864663575,0,102,0,53.82950907996716,46.5,7.514552055347684e-07
Sujeto4,Moderado,17,0.003988049523061196,0.00047165271664671227,0.9048264747410338,7,162,26,54.887184407004035,48.5,3.212317898576897e-05
Sujeto4,Moderado,18,0.00597815469417828,0.0011993349874152173,2.0094278658133664,13,267,61,50.60431323827103,45.0,5.816783880698845e-05
Sujeto4,Moderado,19,0.004524252269788556,0.0008127604501626031,1.3419591674665579,9,217,40,51.70691785790618,46.0,4.553232369365549e-05
Sujeto4,Moderado,20,0.0005841114786913317,6.539082590780158e-05,0.2139266014536944,5,123,8,206.74966398013493,198.0,2.572679340075589e-07
Sujeto4,Moderado,21,0.003642482862864624,0.0003139506418382168,1.6223058966248287,21,148,46,177.48345207225722,152.0,3.970615625209331e-05
Sujeto4,Moderado,22,0.004072156330293012,0.000526667615255558,2.1067003969250635,24,195,56,164.24708062762141,150.0,3.397014418668621e-05
Sujeto4,Moderado,23,0.002430347530612603,0.00045124992324769854,0.7787494626368201,5,201,13,48.645263029532366,37.0,1.496492701533653e-05
Sujeto4,Moderado,24,0.0035714499962685793,0.00045077914983778004,1.3722327708959932,8,196,18,169.79772971992213,180.5,2.7986219211371365e-05
Sujeto4,Moderado,25,0.003211534133814801,0.0002568063160853011,1.200882256614194,8,132,18,200.8471374053176,199.0,2.8234502649511787e-05
Sujeto4,Moderado,26,0.00020084422411529267,1.5640477116879767e-05,0.0470372655006997,0,61,0,165.87187576485638,175.5,1.185654963155701e-07
Sujeto4,Moderado,27,0.001232260247431854,0.0001534221171477694,0.5289626205338109,10,93,17,176.75231310380556,169.5,4.160588057755581e-06
Sujeto4,Moderado,28,0.001754645991655808,0.00033079933486356765,0.6688000269107028,10,148,17,99.12819189025569,30.0,7.370908885072348e-06
Sujeto4,Moderado,29,0.0012491374883421378,0.0001782733552369087,0.1400292988413545,0,88,0,23.21940503097372,22.5,3.2098556849049627e-07
Sujeto4,Moderado,30,0.0016631100816774202,9.25930964149118e-05,0.42205399410831196,5,92,10,194.01045543652353,190.0,1.5392261546243194e-06
Sujeto4,Moderado,31,0.0016631099631370487,9.247268795163668e-05,0.4220460840662598,5,83,10,195.850679808833,191.0,8.819450893699139e-06
Sujeto4,Moderado,32,0.0019137340968478022,0.0002675250488054072,0.7884006001841243,12,125,26,103.39141698022948,91.5,1.0172648943064333e-05
Sujeto4,Moderado,33,0.001913820033351,0.000270209625211475,0.7895355003313236,12,159,26,122.34338266980266,116.5,8.135417185306323e-06
Sujeto4,Moderado,34,0.004012231312780782,0.0005388445205732464,2.927816488393764,38,194,80,211.86443621725093,201.0,3.35953047099815e-05
Sujeto4,Moderado,35,0.00963536706377654,0.001697499318078173,7.444020189739849,78,280,192,132.9136083946543,101.0,0.00027350365708290255
Sujeto4,Moderado,36,0.00952590074419289,0.0019890811956060676,6.5596971168285325,67,313,165,121.19919890737985,91.5,0.00018089066052099035
Sujeto4,Moderado,37,0.010574663449004805,0.0031135540982565988,9.469335168030106,92,483,203,122.16415371424326,75.0,0.00011122062539585021
Sujeto4,Moderado,38,0.012915199823527913,0.0035556920148382895,13.624369351977437,123,571,281,176.17294879810854,168.5,0.0003586540077893439
Sujeto4,Moderado,39,0.01193005613867242,0.0029198192883547456,14.013532106985465,140,602,334,175.5144385799409,165.0,0.00033927725026164726
Sujeto4,Moderado,40,0.011107647386427812,0.002700372993319685,13.485878435640052,145,584,343,181.59258192879477,163.0,8.23893891431869e-05
Sujeto4,Moderado,41,0.015662702236550443,0.004535433390324146,22.70025953074816,234,817,534,165.91900374145777,143.5,0.0005498407359129269
Sujeto4,Moderado,42,0.014708354790620763,0.0041446581071987905,18.647013531006237,187,730,431,138.44779885992324,113.0,0.0005018822847835121
Sujeto4,Moderado,43,0.0076812278668930345,0.002010195606364541,8.943078230927613,125,575,237,220.4166147726341,207.5,0.0001141816654581483
Sujeto4,Moderado,44,0.006271623878368185,0.0014630899090578835,7.768888788217135,117,486,217,206.12083698474842,192.5,6.475311225241142e-05
Sujeto4,Moderado,45,0.0013086896411275651,0.0001892052747073704,0.5018815057215191,8,144,17,155.24196650557417,166.0,1.8618436085674072e-06
Sujeto4,Moderado,46,0.0009014686530737692,0.0001143842740466944,0.30687981110692786,6,85,11,58.74508921531023,25.0,1.2835521799201765e-06
Sujeto4,Moderado,47,0.0007022871388014348,6.466316740264162e-05,0.258097557870266,6,76,11,215.6091100952636,221.0,1.5677244624635985e-06
Sujeto4,Moderado,48,0.0002188150096131922,5.943191006965491e-05,0.02911419789099582,0,116,0,17.886887039406226,16.0,1.3949434928337939e-07
Sujeto1,Reposo,1,0.0009929873287476767,0.00014764402624626322,0.4370150282824725,7,202,11,122.01072596204543,98.0,2.378017439410261e-06
Sujeto1,Reposo,2,0.0009281376584103184,7.98455413144817e-05,0.4518087737449438,7,167,13,196.13096260259627,191.5,1.969110711275878e-06
Sujeto1,Reposo,3,0.001022604552120803,0.00010979548039565315,0.5933013652689789,9,200,16,195.5122754820679,191.0,2.307959078165396e-06
Sujeto1,Reposo,4,0.0006954422672631035,8.581953491527767e-05,0.3665752840344929,5,186,6,195.4111522331878,191.5,7.618035413111606e-07
Sujeto1,Reposo,5,0.0007338818188724185,8.970557605252997e-05,0.41018238834620824,7,167,8,166.39437461105888,161.5,9.388047673968779e-07
Sujeto1,Reposo,6,0.00056222660177888,5.642102503786153e-05,0.2924689082891757,5,122,6,195.66273657284955,190.0,8.550350075094028e-07
Sujeto1,Reposo,7,0.0005431972800051314,3.758699177806069e-05,0.20813778904903427,3,92,6,195.97820913807521,191.0,4.794769270206767e-07
Sujeto1,Reposo,8,0.001497322761274141,0.00017809626938748474,0.983766001552617,17,175,34,186.98521524192756,183.5,5.2467146658668826e-06
Sujeto1,Reposo,9,0.0014600049343015328,0.00016829783502690475,0.9388512970100439,17,165,32,184.1236147549437,181.0,4.609150077734829e-06
Sujeto1,Reposo,10,0.000555870741027501,5.607197130469039e-05,0.2557817106292588,4,158,6,190.92105135330362,188.5,6.061851365947038e-07
Sujeto1,Reposo,11,0.0005477218156970024,7.762880579605343e-05,0.26620622700764573,3,228,4,161.79980516505987,156.5,7.649695674417922e-07
Sujeto1,Reposo,12,0.0010997296367929762,0.00013876885101333594,0.5202859022200536,6,205,10,135.26983263801642,118.5,2.5856764847956273e-06
Sujeto1,Reposo,13,0.0016202630948797493,0.00020880591662319735,0.9405389737119713,14,168,25,142.71569738420035,126.0,3.070777200832289e-06
Sujeto1,Reposo,14,0.0018471749977458244,0.00024079175817789887,1.0985443293931647,17,212,32,174.02818405064187,165.5,8.1826553864849e-06
Sujeto1,Reposo,15,0.0016402981125652634,0.000199321677315309,0.9473032415101547,15,219,30,174.7502679831152,166.5,6.4811745304760076e-06
Sujeto1,Reposo,16,0.0012002308538832647,0.00013744834024526003,0.7057899912274076,13,182,25,190.74266803252064,188.5,3.3711804104902964e-06
Sujeto1,Reposo,17,0.0015213931401062018,0.00018220674324241436,0.972023769260195,16,214,30,190.27857524343048,187.5,4.974361380601226e-06
Sujeto1,Reposo,18,0.001999776625450012,0.00025182674003925245,1.3472605052644542,22,249,44,170.63569756491376,166.5,6.564454008527864e-06
Sujeto1,Reposo,19,0.0016908994843202769,0.00020246802775885495,1.0415988359873731,20,209,37,191.8648042250957,186.0,3.0678646002462725e-06
Sujeto1,Reposo,20,0.0007487125749718694,6.810926148977372e-05,0.35079420768073666,8,97,12,185.88290728919338,176.0,1.5250101076598666e-06
Sujeto1,Reposo,21,0.00015145311509691118,1.173792463953073e-05,0.026710430939449335,0,52,0,89.02319531325792,90.5,9.95908962432815e-10
Sujeto1,Reposo,22,3.257435716539554e-05,8.2017072132815e-06,0.0029927114220354148,0,60,0,12.057874322567228,11.5,2.6384925420308854e-09
Sujeto1,Reposo,23,0.0005205512848767914,3.295305608873816e-05,0.12052495458923625,2,64,5,190.30043526690324,188.5,8.935169505271083e-07
Sujeto1,Reposo,24,0.0007545535664809229,5.486164695610899e-05,0.27736372108674995,6,65,11,190.76277778144998,190.5,1.0742376057957334e-06
Sujeto1,Reposo,25,0.0005622395275044646,3.107587837338194e-05,0.18669188458811553,4,44,6,192.8160410821036,202.5,9.36447227381457e-07
Sujeto1,Reposo,26,0.00027534758604107456,1.5998262366226904e-05,0.08169912469200641,2,56,2,195.25692483315217,191.0,1.7635071591663355e-07
Sujeto1,Reposo,27,0.0004146809586939241,2.378619733245898e-05,0.12970698818772106,4,67,5,195.96691640807197,191.0,5.139041978388172e-07
Sujeto1,Reposo,28,0.00060663539010851,3.0885998846006245e-05,0.18564078218499708,4,43,8,196.1401709863372,191.0,9.428444780185273e-07
Sujeto1,Reposo,29,0.0005083233272525309,2.1793411042526777e-05,0.12806222447872628,2,59,5,196.13963981301868,191.0,4.3516261229155603e-07
Sujeto1,Reposo,30,6.310934737532002e-05,4.757337702428859e-06,0.019421539109227143,0,74,0,193.50410640990142,190.0,8.908501422948454e-09
Sujeto1,Reposo,31,4.7210404046782465e-05,1.0308125191837247e-05,0.01089114793022928,0,105,0,92.09092710221005,17.0,4.99522788552495e-09
Sujeto1,Reposo,32,4.664559760437732e-05,9.205359304907978e-06,0.010437123399384058,0,82,0,149.04733740499415,166.5,4.155807940680632e-09
Sujeto1,Reposo,33,0.00020427448587093428,1.0169843497830203e-05,0.061037242193251504,0,28,0,196.14034999020726,191.0,1.322021593900213e-07
Sujeto1,Reposo,34,0.00022546190404949614,2.1637722541112326e-05,0.07034106280928307,0,92,0,115.58551448136838,114.0,6.038643507594783e-08
Sujeto1,Reposo,35,0.0002455323379752634,2.0817915908198186e-05,0.05871110124480115,1,105,1,171.77684969988135,179.0,1.1931358692845024e-07
Sujeto1,Reposo,36,0.00022764482710550536,1.0273953072001663e-05,0.054883160678213395,1,51,1,196.04365846348196,191.0,1.5481496194590003e-07
Sujeto1,Reposo,37,0.0007704402844386116,2.9040981120430582e-05,0.1720550513175758,3,60,6,196.15832488200763,191.5,1.774351904306951e-06
Sujeto1,Reposo,38,0.0009031068953444648,8.355796816876242e-05,0.3219590240182543,7,143,11,187.74718122762872,187.5,1.477580541613866e-06
Sujeto1,Reposo,39,0.0005116747022639086,6.697836580098034e-05,0.18966827848456655,4,149,5,126.81751561238822,127.5,7.224407384934516e-07
Sujeto1,Reposo,40,0.0003279694979791216,2.69833858782308e-05,0.11445760006357705,1,102,1,147.90490176872643,133.0,1.6637502026070004e-07
Sujeto1,Reposo,41,0.0004511690469331962,2.871210672674802e-05,0.15967146158279566,3,66,4,195.84697399678234,191.0,4.338880596610111e-07
Sujeto1,Reposo,42,0.00036760802299978725,1.3333206086501296e-05,0.07950359453378597,2,18,3,196.16201174631954,191.5,3.673146329850056e-07
Sujeto1,Reposo,43,0.0003146962754774386,2.2303041229545568e-05,0.07344638314377348,2,45,3,174.7916278473856,181.0,2.3552429216026548e-07
Sujeto1,Reposo,44,0.00031973416001399637,2.9869324804541185e-05,0.08582172051236993,2,98,3,174.3534530556173,180.5,2.58767512944873e-07
Sujeto1,Reposo,45,0.0003868473024419185,2.547270966991449e-05,0.09631969247329893,2,109,3,194.8427223601715,190.5,4.932154800555152e-07
Sujeto1,Reposo,46,0.0006087741578016733,5.03282959014989e-05,0.2599746244640593,7,139,10,195.83208982982788,191.0,5.930108522046731e-07
Sujeto1,Reposo,47,0.00047363995578650553,3.4517073752108155e-05,0.17687729183874845,5,125,7,195.8191069333659,191.0,5.043452914846475e-07
Sujeto1,Reposo,48,0.00012413566596510754,1.9179980035248078e-05,0.013664221183894685,0,107,0,24.512152836918165,23.5,3.9889496494559205e-08
Sujeto2,Reposo,1,0.0013807365618555758,0.0002670068111400429,0.6997438086786949,9,242,17,116.14621516369809,103.0,3.1767782357701683e-06
Sujeto2,Reposo,2,0.0016545187551845707,0.00028898414457471233,0.793556090635913,9,265,18,96.09281505664542,92.5,7.008225938151539e-06
Sujeto2,Reposo,3,0.0013682915707038436,0.00019659787307994318,0.612455911126482,7,218,15,105.25050795430984,98.5,4.441321941508593e-06
Sujeto2,Reposo,4,0.0007678419746782345,9.309263159854698e-05,0.23645252471575234,2,185,5,157.90771771307462,155.5,1.3972876150941964e-06
Sujeto2,Reposo,5,0.0006871484904771358,0.0001121036874677503,0.1458965675941071,0,160,0,24.78886017556029,23.5,5.085456741171573e-07
Sujeto2,Reposo,6,0.0005990087126774596,7.314812183055419e-05,0.10873882639056026,0,83,0,50.671237994078886,29.5,9.801543271888936e-07
Sujeto2,Reposo,7,0.0004217577922772743,4.650775315485983e-05,0.08587862013256406,0,91,0,91.65103169132637,91.5,4.5083620208508543e-07
Sujeto2,Reposo,8,0.0001627646614540401,2.56725414735666e-05,0.01931314268653519,0,79,0,24.886082931190035,24.0,2.779511699415985e-08
Sujeto2,Reposo,9,0.0018130240988194605,0.00017851689235619272,0.4809098849600601,5,98,15,107.70233676481712,94.0,6.376262954026084e-06
Sujeto2,Reposo,10,0.001813023244561268,0.00017896652516969283,0.48086799821278925,5,114,15,107.07745819897845,94.5,9.412311442131391e-06
Sujeto2,Reposo,11,1.204765375549346e-05,2.7946889148040277e-06,0.0008467246319818526,0,52,0,12.158117845776804,12.0,2.472020759524249e-10
Sujeto2,Reposo,12,0.0001429821696320732,1.7574284894067706e-05,0.03535801788718243,0,75,0,178.80465558122472,183.5,2.496117915676719e-08
Sujeto2,Reposo,13,0.000142501258122514,1.5875745362101517e-05,0.034685820692158156,0,88,0,188.4570957737222,188.0,6.537534058513468e-08
Sujeto2,Reposo,14,7.092891507646207e-07,1.395851874379821e-07,1.208715209906947e-05,0,50,0,0.24365392932188337,0.0,4.9715259275705615e-14
Sujeto2,Reposo,15,4.127709160389041e-05,4.561332704059934e-06,0.009090192532612765,0,61,0,62.29319564396012,5.5,3.5087434159977826e-11
Sujeto2,Reposo,16,0.0003690852826823578,2.2601295542392692e-05,0.09000546869434348,2,83,3,142.26866774614535,161.5,5.871846629604435e-09
Sujeto2,Reposo,17,0.0003695441083106111,2.5826830883179252e-05,0.08459761971034441,2,88,3,190.47577387034036,189.0,2.740716350089588e-07
Sujeto2,Reposo,18,4.519636200351089e-05,7.825602472324235e-06,0.0036838313436742555,0,51,0,13.400086311112915,12.5,4.052867266601417e-09
Sujeto2,Reposo,19,0.00011277696937663908,5.0356826685475654e-06,0.030009283629618293,0,28,0,196.15282046440112,191.5,3.014448828543249e-09
Sujeto2,Reposo,20,0.0001971102559233857,2.2332666969101827e-05,0.04446246221987396,0,79,0,147.12277474096763,162.0,3.2281193651997214e-08
Sujeto2,Reposo,21,0.0009303277498446099,0.00011375779082141149,0.3712029223578853,6,155,13,178.9527988331461,183.0,2.247579976458066e-06
Sujeto2,Reposo,22,0.0009179510453578227,0.00010234806533899722,0.3617636512147621,6,127,13,147.45088211755757,162.0,9.896497528402098e-07
Sujeto2,Reposo,23,0.001059366691496101,8.129914850608721e-05,0.317644409506245,5,127,10,178.13656169944687,182.5,6.246096078405534e-07
Sujeto2,Reposo,24,0.0011195042695626586,0.00012522296095457283,0.4039647880428888,7,193,12,192.28990945192066,189.5,2.940727505177934e-06
Sujeto2,Reposo,25,0.0008120351695721969,0.00016138677695778084,0.28838310349870183,4,203,7,119.08485727729,122.5,1.6344305177359582e-06
Sujeto2,Reposo,26,0.0009746177351538751,0.00015521182065314368,0.4270670069882726,6,162,13,164.5739757422881,171.5,2.5392908530729157e-06
Sujeto2,Reposo,27,0.0006902174495686489,8.578291390935841e-05,0.26085074918526047,4,114,8,115.08070476507157,105.0,4.536551765017803e-07
Sujeto2,Reposo,28,0.0002403612912001048,5.180747135997812e-05,0.03793602806583596,0,92,0,24.642378533934803,23.5,1.2446482496879758e-07
Sujeto2,Reposo,29,7.837270454704083e-05,9.744226188393033e-06,0.0071053260879638015,0,37,0,24.750832396079314,24.0,1.5853891756171706e-09
Sujeto2,Reposo,30,0.00010628937389446565,1.6695427899259064e-05,0.011599570521706418,0,78,0,21.810803557020392,20.5,2.178240614553743e-08
Sujeto2,Reposo,31,0.0004899047480772065,3.784086658089073e-05,0.13581188837194633,2,104,5,105.79670448057587,37.0,6.136358938146003e-08
Sujeto2,Reposo,32,0.001048724459709559,0.00021391547756534059,0.3826860754731852,5,136,8,77.83119785396542,31.0,2.3271408495999526e-06
Sujeto2,Reposo,33,0.0031079822330649584,0.0004556255063069955,1.0548671194551642,10,211,22,101.39240850529768,89.5,2.708625779806147e-05
Sujeto2,Reposo,34,0.0029645302844568113,0.0002629319082208231,0.7963944426675675,7,112,19,121.88381748614125,101.5,1.891822794872988e-05
Sujeto2,Reposo,35,0.0004956367041587324,6.111533985361061e-05,0.13959571899954165,2,94,2,113.30869778231325,102.0,6.322256978576126e-07
Sujeto2,Reposo,36,0.0008665895873494489,0.00010294385869635829,0.35342410594736023,6,166,10,152.46742319944593,149.5,1.4913942007412196e-06
Sujeto2,Reposo,37,0.0007117961364267258,4.697347714764282e-05,0.2171807250936323,4,114,8,194.79962072951037,189.5,3.0345385398979816e-07
Sujeto2,Reposo,38,3.743868733911421e-05,7.291927396480332e-06,0.0037232355042941478,0,70,0,24.07544508935068,23.5,3.5042349097063473e-09
Sujeto2,Reposo,39,8.964088440151455e-05,1.5608947651509497e-05,0.011487625599849125,0,101,0,24.943160519477704,24.0,1.3138332425023967e-08
Sujeto2,Reposo,40,0.00924571288862032,0.0016676751414807431,6.009019649343898,51,286,154,119.80428044228555,111.0,0.00022455634189039213
Sujeto2,Reposo,41,0.009245604070125762,0.001662272231506369,6.0046873182869485,51,269,154,121.54580734347095,112.0,0.00019943649490883895
Sujeto2,Reposo,42,7.80046217982824e-05,9.716949870548224e-06,0.007493643421203109,0,69,0,24.679070266338318,23.5,1.0393677341843226e-08
Sujeto2,Reposo,43,5.090098837758374e-05,6.8650876415938075e-06,0.005065672460754429,0,49,0,24.970749369853905,24.0,7.902305953836834e-09
Sujeto2,Reposo,44,4.959628931420032e-05,5.1867218757095964e-06,0.004358261720378075,0,42,0,24.986075583067432,24.0,4.3973646962571434e-09
Sujeto2,Reposo,45,2.2920317467244613e-07,8.618053486827682e-08,7.335717271068628e-06,0,21,0,3.101465377338021,3.0,1.3335343324166928e-13
Sujeto2,Reposo,46,2.948320337403767e-06,9.32746995864881e-07,9.8676808050148e-05,0,37,0,3.1188353296360742,3.0,2.522793480428005e-11
Sujeto2,Reposo,47,1.893793835329536e-05,3.6145374979051625e-06,0.0012572187497414782,0,63,0,12.271235185766576,12.0,6.822106618961454e-10
Sujeto2,Reposo,48,0.00021016679970423303,2.4992763177414166e-05,0.04679610050704026,0,81,0,63.060162108993346,52.5,1.2509383023007293e-07
Sujeto2,Reposo,49,0.00020933246641584795,2.2269505204179275e-05,0.0456311878502044,0,49,0,74.23483780098513,77.5,9.259593227223403e-08
Sujeto2,Reposo,50,2.3255219552824564e-06,3.811936741521808e-07,0.00014408448234957402,0,23,0,9.94689888613719,10.5,2.2986768320586764e-14
Sujeto2,Reposo,51,4.4206503521453255e-05,6.776097918779316e-06,0.002882112970306708,0,61,0,12.270899390236952,11.5,1.7940243841009427e-11
Sujeto3,Reposo,1,5.667342185382487e-05,9.674033513147482e-06,0.006068725421903309,0,49,0,23.501404860005323,23.0,4.614660990437459e-10
Sujeto3,Reposo,2,0.012064344065166531,0.0034854516120337523,13.835515483197648,158,381,426,123.6845855045663,98.0,0.00020814278924295924
Sujeto3,Reposo,3,0.01479180309919381,0.006441905966431085,25.69488996620126,340,996,836,129.65256794891206,105.0,0.000491914184895197
Sujeto3,Reposo,4,0.008580327894420722,0.00305247788614948,12.061542060007222,186,714,415,152.18947606804824,140.5,7.338717459444472e-05
Sujeto3,Reposo,5,0.0006107254370822195,9.597831839176102e-05,0.22988659131829028,4,88,6,57.92527092586056,27.0,3.359457870934952e-08
Sujeto3,Reposo,6,1.2431555902502353e-08,1.024309945953429e-08,8.152520349508587e-08,0,11,0,0.49344946670877693,0.5,6.619854368175346e-17
Sujeto3,Reposo,7,2.377191842289542e-08,1.9550830868255424e-08,1.8277985081072659e-07,0,7,0,0.5407834647088582,0.5,2.9857261098829274e-16
Sujeto3,Reposo,8,6.048667800031027e-08,4.271163322091504e-08,1.3505783778068358e-06,0,5,0,0.5853328579870944,0.5,4.8967386966484955e-15
Sujeto3,Reposo,9,0.06872193230099483,0.01793164975691817,34.9226619433474,58,138,450,60.642501384188684,60.0,0.009133357593258678
Sujeto3,Reposo,10,0.08287813933180826,0.03590036840739733,71.10536514949382,212,401,1470,60.906206607690514,60.0,0.018535250590229462
Sujeto3,Reposo,11,0.046325824417612634,0.01796951672038669,36.12505892069255,154,282,1019,61.45780748310372,60.0,0.005356774277002276
Sujeto3,Reposo,12,3.758913707654505e-06,1.152670306209757e-06,0.0001989756254820762,0,47,0,12.087320132717092,12.0,1.056118898063242e-11
Sujeto3,Reposo,13,2.4937205860808966e-06,4.4793984088509107e-07,0.000177184751546349,0,54,0,12.475487595278535,12.0,2.0452545186501427e-11
Sujeto3,Reposo,14,3.7130168399966353e-07,7.65293172736229e-08,2.3388967220899148e-05,0,24,0,12.468074420500704,12.0,4.564081132280605e-13
Sujeto3,Reposo,15,3.580312500073063e-08,2.96955960732266e-08,4.6001025936383627e-07,0,5,0,0.4538142876959867,0.5,2.7480255661965713e-15
Sujeto3,Reposo,16,5.147025925821781e-08,4.123971722767817e-08,6.253969037400927e-07,0,5,0,0.5829967318461462,0.5,2.612651207909171e-15
Sujeto3,Reposo,17,5.698253840497395e-08,4.608736194708125e-08,7.334477943852919e-07,0,6,0,0.480420535602851,0.5,6.961255362537826e-15
Sujeto3,Reposo,18,3.774442542388858e-08,2.537312390773581e-08,4.257556216911284e-07,0,9,0,0.4909624843312847,0.5,1.7342069334223155e-15
Sujeto3,Reposo,19,3.997692634042772e-08,2.7113206719413533e-08,4.481835994217425e-07,0,9,0,0.5126959824685691,0.5,2.309433166532507e-15
Sujeto3,Reposo,20,1.3203231415803659e-06,2.3468072557887282e-07,8.27331075683559e-05,0,30,0,12.487725655337192,12.0,3.5140536968943484e-12
Sujeto3,Reposo,21,1.3201552571279203e-06,2.319687881522661e-07,8.265037985710793e-05,0,28,0,12.475174059904377,12.0,5.175511666732209e-12
Sujeto3,Reposo,22,3.5030499522955707e-08,2.738697557366232e-08,3.9117160053752315e-07,0,5,0,0.44976179963519003,0.5,2.1272709792106596e-15
Sujeto3,Reposo,23,0.0003470188188627941,2.9107719773641775e-05,0.10581480747737952,1,60,3,42.51042435969687,22.5,4.814443826927734e-11
Sujeto3,Reposo,24,0.0005202532538095307,6.837222782192898e-05,0.22943561953754638,4,117,6,172.7505068304145,188.5,4.99801710041816e-07
Sujeto3,Reposo,25,0.00038764222244775363,3.979553662558956e-05,0.1238342230198035,3,88,3,66.41332091665637,27.0,3.1542848482607344e-09
Sujeto3,Reposo,26,0.00031149728787626773,1.203175592846298e-05,0.06808151170423993,2,64,3,196.12232025509977,191.0,2.617103511038339e-07
Sujeto3,Reposo,27,0.00032407128117793857,2.5469879173481967e-05,0.0776052276334137,2,97,3,184.2759224393788,186.0,2.2710148319124886e-07
Sujeto3,Reposo,28,0.00010799418873741099,2.0477816289100554e-05,0.015348069637681493,0,108,0,24.668260052230085,23.5,2.2665658681086745e-08
Sujeto3,Reposo,29,8.327182547441548e-05,1.5017883309852425e-05,0.012541470323283722,0,113,0,24.97861608524131,24.0,1.6342715236839648e-08
Sujeto3,Reposo,30,8.073361761084768e-05,2.188078939235775e-05,0.015075404757029082,0,137,0,24.037125295564646,23.5,1.3746092747963869e-08
Sujeto3,Reposo,31,5.824179020074489e-05,1.4705441345756042e-05,0.009060017399963271,0,102,0,21.365817568751314,21.5,3.142519410619962e-09
Sujeto3,Reposo,32,1.2875531955833683e-05,1.7922226087150367e-06,0.001203892635337943,0,54,0,23.64762513594551,23.0,1.4720917609424014e-10
Sujeto3,Reposo,33,0.00018219036395100035,7.018341547531461e-06,0.03948398554691426,0,35,0,24.15623594328868,6.0,7.722412143563629e-12
Sujeto3,Reposo,34,0.0004765259574111392,3.121610853199531e-05,0.14070869827485472,2,80,4,192.21887767172632,189.5,6.315431318488209e-07
Sujeto3,Reposo,35,0.0005138040278202171,3.721027292839901e-05,0.17518060691595003,4,110,6,194.05111040334629,190.5,4.807691446239563e-07
Sujeto3,Reposo,36,0.0015947216644328797,0.0001694686452488269,0.6958767892387174,13,158,26,145.62650105840217,127.5,7.250601183873582e-06
Sujeto3,Reposo,37,0.00463159892325255,0.0012046274568568872,4.547372661971541,72,453,165,135.02878888981374,117.5,3.173690297775782e-05
Sujeto3,Reposo,38,0.005096737871918754,0.0014256448239154712,5.7760785212549814,91,612,199,130.92725208510285,114.5,6.365058428392749e-05
Sujeto3,Reposo,39,0.0027454966425391795,0.0005334181125148144,2.2933743444788983,35,483,65,175.72301146374585,171.5,4.832236283082989e-06
Sujeto3,Reposo,40,0.0008067600155079804,0.00019061685766118454,0.5567875412055432,7,328,9,124.69632815215552,135.5,8.3684990518772e-07
Sujeto3,Reposo,41,0.0008387127592972967,9.46549233542047e-05,0.3849166269974267,5,211,9,185.93558045400042,187.0,1.4650945146275089e-06
Sujeto3,Reposo,42,0.0009805888930129341,0.0001639519430876047,0.591026349708191,8,244,14,142.87096139902033,156.0,8.703885883857688e-07
Sujeto3,Reposo,43,0.0012586743590605185,0.00024265354543606747,0.971804520223331,17,325,29,181.75134091236532,181.0,3.0105181568876922e-06
Sujeto3,Reposo,44,0.0011780679076064098,0.00020221129953841067,0.8251995470656063,13,299,25,183.3321535541285,178.0,3.3566792825350826e-06
Sujeto3,Reposo,45,0.0013902997110801063,0.0002597172935059188,0.937721856992715,12,327,27,177.71965807893403,177.0,2.932335347558166e-06
Sujeto3,Reposo,46,0.0018079480379724904,0.00037814092124272225,1.6013584528911236,23,479,44,181.72061823526016,181.0,7.057628995948582e-06
Sujeto3,Reposo,47,0.0013342862827920186,0.00026185071465625203,1.116950275793291,16,481,25,170.4513070579845,167.5,2.7997162416345734e-06
Sujeto3,Reposo,48,0.0011291338381157177,0.00018860054218385606,0.8520331310881706,15,351,25,185.8986260678196,185.0,2.8722774471753363e-06
Sujeto3,Reposo,49,0.0012439559935276893,0.00018896997219191038,0.9015673019424917,18,300,31,188.63668559513712,186.5,3.0855649843802528e-06
Sujeto4,Reposo,1,0.0006629391643883995,0.00013264724571785414,0.0746055998563897,0,58,0,11.872383999192381,11.0,5.601558486383954e-08
Sujeto4,Reposo,2,8.04845797599094e-07,5.09974105453073e-07,1.2642331890264437e-05,0,11,0,0.6762030677942246,0.5,4.879263849954585e-13
Sujeto4,Reposo,3,0.0003369385492659903,2.5523693385765555e-05,0.07652847066094905,2,57,3,191.04479539864147,189.0,2.456069085559816e-07
Sujeto4,Reposo,4,0.0005526069767421152,8.006486776220123e-05,0.16487522257042653,4,109,5,137.30410149642947,153.5,7.485736879610067e-07
Sujeto4,Reposo,5,0.0004380034142317143,5.4753352626892735e-05,0.08829387803560253,2,66,2,194.4269482280694,190.5,1.0452461790609047e-07
Sujeto4,Reposo,6,0.0001281515112289982,4.726526963783057e-06,0.027720037797457072,0,29,0,196.14413324702812,191.0,2.73719870966667e-08
Sujeto4,Reposo,7,0.0002839608207798047,7.265426370256823e-05,0.0642100781475349,0,95,0,67.13956778382513,21.5,2.0191169831971127e-07
Sujeto4,Reposo,8,0.0004172868206320351,0.00010252826845897625,0.06567077854457475,0,119,0,23.16148009092722,22.0,3.966055715972284e-07
Sujeto4,Reposo,9,0.00033172840365425455,3.679661221756702e-05,0.029629492087832263,0,57,0,22.914220197059052,22.5,2.419240098416751e-09
Sujeto4,Reposo,10,0.0004827763027632595,7.405120384626273e-05,0.05995083998881544,0,75,0,24.93446030701167,23.5,5.84961603638164e-07
Sujeto4,Reposo,11,0.00048264540095570535,7.188369672038468e-05,0.059504104650929465,0,65,0,24.93003443713372,23.5,5.397553947173716e-07
Sujeto4,Reposo,12,2.4135380188649654e-06,6.201974901188181e-07,0.00017370055935983595,0,39,0,6.130478314803699,6.0,7.71367054477512e-13
Sujeto4,Reposo,13,0.0005128917925381535,7.515270532269934e-05,0.0895731756086614,0,116,0,62.52306930894875,28.5,1.86236744897381e-07
Sujeto4,Reposo,14,0.0012502678486047767,0.00022344446996310868,0.3805307269420452,3,170,7,119.58133133268224,125.5,3.3221317601243194e-06
Sujeto4,Reposo,15,0.0013198681874751973,0.00017997434022509078,0.4458014153649521,6,149,13,158.52194592984011,171.0,4.764293742981832e-06
Sujeto4,Reposo,16,0.001428833784633823,0.0002566736041296257,0.32716336723439626,3,145,6,65.10061918094281,26.5,6.278027847836365e-06
Sujeto4,Reposo,17,0.0012647653874410514,0.00022562653855970485,0.17249646990157094,0,90,0,25.688037350408543,23.5,3.1624873774734733e-06
Sujeto4,Reposo,18,0.0010329642777115208,0.00012866743866116624,0.12115228400238102,0,45,0,28.893095439706297,28.0,3.4829569570762325e-06
Sujeto4,Reposo,19,0.001157582042795892,0.00020907907938000805,0.17798752451879885,0,117,0,28.421430569338288,28.0,1.9533056592971433e-06
Sujeto4,Reposo,20,0.0005228350902317306,8.343295470281097e-05,0.05805213302935749,0,117,0,23.991755128955365,23.0,8.199713053441452e-07
Sujeto4,Reposo,21,0.0006300767858539066,2.5662528539513374e-05,0.137416996424847,3,55,6,196.04517711277782,191.0,1.215720238025696e-06
Sujeto4,Reposo,22,0.0006297787287407804,2.2801801993041544e-05,0.13620301590267342,3,19,6,196.107659343845,191.0,6.501082222178638e-07
Sujeto4,Reposo,23,0.00048386432065297854,1.776945876342901e-05,0.10465652254088546,2,22,5,196.15964918530693,191.5,6.773046886600736e-07
Sujeto4,Reposo,24,0.000497090695861547,4.0107051213785404e-05,0.11699514627994521,2,60,5,190.49656990007318,189.0,4.615119966595074e-07
Sujeto4,Reposo,25,0.00026279243542161757,3.3402027937059367e-05,0.07811416941668489,1,83,1,145.74398310484082,162.5,1.4149525384748405e-07
Sujeto4,Reposo,26,0.00023989881787058387,1.662415498457184e-05,0.06815932661859443,1,69,1,144.24048068427498,162.5,1.726038723093611e-08
Sujeto4,Reposo,27,0.0011459626360119143,0.0001544199953117622,0.11521352991306207,0,84,0,12.87879738302099,12.0,1.6780385226652824e-08
Sujeto4,Reposo,28,0.0011691266981310208,0.0002102955018282372,0.15033443799172386,0,114,0,24.40910828305949,23.0,2.414344904880297e-06
Sujeto4,Reposo,29,0.00023471889246173174,6.156968058793398e-05,0.03743797916341804,0,62,0,22.86186428596316,18.5,1.3014437923445216e-07
Sujeto4,Reposo,30,9.014501467301946e-05,1.4748585351008578e-05,0.005810481147299595,0,44,0,12.123864257509261,11.5,1.8457568968270606e-08
Sujeto4,Reposo,31,9.014651310131292e-05,1.4989633390728164e-05,0.005821482373472288,0,55,0,12.334131976110658,12.0,2.2173497187704145e-08
Sujeto2,Intenso,1,0.0003086307403837912,5.50637747672851e-05,0.025038917790648405,0,64,0,24.21750221144737,23.5,4.295378486735214e-08
Sujeto2,Intenso,2,0.0002396322446967896,2.930837879509769e-05,0.02189306707394981,0,58,0,24.828036910713696,24.0,1.7956202833367336e-07
Sujeto2,Intenso,3,0.0010782043874808264,0.00018776193869308146,0.14922740642715737,0,95,0,24.261605770868194,23.5,2.211679834282926e-07
Sujeto2,Intenso,4,0.001051442253606754,0.00016361306323613568,0.12834674409045346,0,88,0,24.781098023675067,24.0,2.7431724519741336e-06
Sujeto2,Intenso,5,0.0003590809982311472,2.0380066347298564e-05,0.07890065239763923,2,65,3,195.22595331846614,191.0,2.461742087629977e-07
Sujeto2,Intenso,6,0.00036541937690749314,3.308558049114723e-05,0.08362546033159982,2,84,3,190.24644815826386,189.0,3.825811020638266e-07
Sujeto2,Intenso,7,7.082118455312257e-05,1.7961220579072172e-05,0.006146792765078705,0,67,0,12.053483682162994,11.5,1.0480930288090583e-08
Sujeto2,Intenso,8,0.00040695517195132814,2.471234107677188e-05,0.12211870170192966,3,50,4,196.09187566838477,191.5,4.5350693512923795e-07
Sujeto2,Intenso,9,0.0005613284401199812,7.703310198426352e-05,0.15953460157532406,3,61,4,113.01295340242656,104.5,6.383949862843762e-07
Sujeto2,Intenso,10,0.0005253181918712235,7.275701028633257e-05,0.11577874367966437,2,62,3,80.59687040547443,28.5,6.552401206182355e-07
Sujeto2,Intenso,11,0.0004794307706827742,5.505097043622109e-05,0.10735674120193617,2,69,3,12.951343886428118,12.0,3.99231316560059e-09
Sujeto2,Intenso,12,0.0021007257722053378,0.0002754922244226759,1.0758703051575014,18,161,29,128.12420128950433,122.5,6.342289234540896e-07
Sujeto2,Intenso,13,0.004318695476392933,0.0007229964121242599,2.971017643756448,41,290,78,166.46330129002178,162.0,3.7356500863228496e-05
Sujeto2,Intenso,14,0.0041582241835894,0.0006812058793582556,2.5885206712895936,32,279,65,158.15256360180305,152.5,3.4597185493934e-05
Sujeto2,Intenso,15,0.0017535294679451557,0.00023172543833701914,0.765667618714642,11,161,19,187.63153982145218,38.0,2.637800990096319e-06
Sujeto2,Intenso,16,0.006915327923406039,0.0010040445963405231,3.2239118058754426,26,236,74,129.88728826359366,129.5,0.00011529942979253814
Sujeto2,Intenso,17,0.008000142447317764,0.0014781855584669926,6.042321679469694,65,395,152,145.66350664178788,142.0,0.00015055933864162142
Sujeto2,Intenso,18,0.004497637443118602,0.0006748873632182935,4.0199089980425615,59,286,117,205.43310502333958,188.5,3.6678737000914504e-05
Sujeto2,Intenso,19,0.002042413556091521,0.00023165928792488098,1.2400914108890297,20,149,40,231.3828086127838,210.5,1.0851853425830708e-05
Sujeto2,Intenso,20,0.0005734857979398807,7.8409241114599e-05,0.20220068094167845,4,88,6,102.4191236531792,36.0,7.33030182586972e-08
Sujeto2,Intenso,21,0.0008719771766722434,7.373450716020284e-05,0.39291650401273254,8,77,15,188.18612416111768,188.0,2.015718759235589e-07
Sujeto2,Intenso,22,0.0015586410310131757,0.00012739237338796314,0.7166724597982352,11,91,25,195.54714829082712,192.5,3.7731054501994136e-06
Sujeto2,Intenso,23,0.0014371813353032425,8.863197151714352e-05,0.5073635855166956,7,59,17,196.14016565829093,191.0,5.167814056179861e-06
Sujeto2,Intenso,24,0.001128980057911884,0.0001345273739017291,0.2113810089396223,2,79,5,88.01719340621838,30.5,2.844790369104039e-06
Sujeto2,Intenso,25,0.0010530338347756294,0.00014990208971148253,0.17940418315926027,2,111,3,140.1002962179448,156.0,5.031739525726336e-07
Sujeto2,Intenso,26,0.00038882380520502944,4.20338915044983e-05,0.09139252053244028,2,88,3,101.07313014027089,34.5,1.5006536101083255e-07
Sujeto2,Intenso,27,0.0008660272084757667,0.0001721012989978924,0.12451884352800997,0,108,0,24.648731685509542,23.0,8.432781187511619e-07
Sujeto2,Intenso,28,0.001472672828576938,0.00029935613784759003,0.23081120416583067,0,140,0,24.912953548770062,23.5,5.908527734141084e-06
Sujeto2,Intenso,29,0.0018596404005566218,0.0002860754828997522,0.26286851996854593,0,86,0,24.94787316125408,24.0,3.4133182589108983e-06
Sujeto2,Intenso,30,0.001428049865659355,0.00015694136946938959,0.15575374377244816,0,35,0,27.876909309711586,27.0,3.948524309096305e-06
Sujeto2,Intenso,31,3.2601050643788843e-07,2.7402194520998866e-07,8.693032976188621e-06,0,13,0,0.45593835678146194,0.5,1.3295868870022167e-13
Sujeto2,Intenso,32,0.0011725987294053275,0.0001365531844050937,0.1682831207545463,2,64,3,36.37600123049176,24.5,4.568427442977369e-06
Sujeto2,Intenso,33,0.0012887418294371955,0.00019194778957012942,0.21525742141300933,2,84,3,35.01772288063093,24.5,2.0743550034574663e-06
Sujeto2,Intenso,34,0.0005346660608044964,5.56070698370416e-05,0.046979232620644344,0,31,0,24.958439088262146,24.0,5.355354086904628e-07
Sujeto2,Intenso,35,0.0007580954801441196,0.00010596946486449033,0.08587874742339846,0,59,0,25.015888037821995,24.5,1.7725944048208044e-06
Sujeto2,Intenso,36,0.0009335890729668694,0.00017837534962981838,0.14677226878029995,0,119,0,25.025288647735792,24.5,1.7001611442552656e-06
Sujeto2,Intenso,37,0.001108344117079317,0.0001774816543616501,0.14631899244494098,0,97,0,25.001954148507064,24.0,9.123732179343166e-07
Sujeto2,Intenso,38,0.0014431482740066338,0.00022624517389554458,0.18087499138231605,0,91,0,24.98016496238405,24.0,2.609476283479355e-06
Sujeto2,Intenso,39,0.001977415426537923,0.0002750726847259604,0.5349856136247083,4,105,11,25.01841217513436,24.0,3.5701404888396433e-06
Sujeto2,Intenso,40,0.0016610363332270218,0.00015387152939443452,0.43953521633549636,4,59,11,142.36450979272766,148.5,5.0661879224014656e-06
Sujeto2,Intenso,41,3.0241563315507645e-07,1.998601429928216e-07,3.917507340353297e-06,0,17,0,0.6608392599198696,0.5,7.431460787231122e-14
Sujeto2,Intenso,42,0.000362056443392915,4.438037594939615e-05,0.034507290122006776,0,71,0,23.609936991709134,23.0,3.489464939876164e-08
Sujeto2,Intenso,43,0.0016511267429811646,0.0003111433275427463,0.2563953798595444,0,136,0,24.773774166071387,24.0,3.0739346527155982e-06
Sujeto2,Intenso,44,0.0016591764094605796,0.0002897819181606037,0.34870039968082894,4,111,4,26.28050610758825,24.0,6.3716557107787206e-06
Sujeto2,Intenso,45,0.0019419687793361562,0.00029872757079928586,0.5816206970207917,7,139,11,117.0282867749913,121.5,7.793852271495458e-06
Sujeto2,Intenso,46,0.002912763782807452,0.0006113893426386962,0.8281229794841694,5,183,11,71.91889046078226,28.5,2.3443700165367845e-05
Sujeto2,Intenso,47,0.0022676025860344303,0.000399637645170275,0.42165322130215654,2,137,4,26.862231727807114,24.5,1.0428825292679358e-05
Sujeto2,Intenso,48,0.0008378307582805932,0.00010807120766661677,0.22841458491708405,3,98,5,195.6091542493709,246.0,2.1880469247533854e-06
Sujeto2,Intenso,49,0.0013861975927361159,0.0001333961823402554,0.5740110089970482,8,110,17,211.77696406134157,204.5,4.793245257901514e-06
Sujeto2,Intenso,50,0.0023682471686023577,0.00019664305441166138,1.0391071762581168,13,112,29,191.45785188116528,189.0,7.741695569069052e-06
Sujeto2,Intenso,51,0.002140531699971983,0.0002154222582202668,0.8326340660311925,10,146,22,189.10214930608674,188.5,1.464274191299038e-05
Sujeto2,Intenso,52,0.003040929649076533,0.00050122629131806,1.595901518060927,22,253,40,171.5939093765035,171.0,2.2291457091542446e-05
Sujeto2,Intenso,53,0.004033872610835055,0.0007042413351286543,3.278430046714968,51,306,97,169.55552600308187,168.0,3.7647310457523595e-05
Sujeto2,Intenso,54,0.0028446390731255134,0.00035087267753898375,2.0402197835568376,34,203,68,204.5486608435455,190.0,9.731466777040633e-06
